Product Title,Variant Price,Variant Sku,Variant Barcode,Variant Inventory Quantity,Product.custom.pack_size
CND Exclusive Shades Shellac Luxe Vinylux 3 Piece Gift Set Phantom,6,CND-3PC-PNT,639370927350,33,3
Essie Nail Lacquer Nail Polish 677 Check Your Baggage,2,ESS-NP-677-CYB,30178021,24,6
Essie Nail Lacquer Nail Polish 694 Wicked Fierce,1.75,ESS-NP-694-WF-8250,30178250,54,6
Essie Nail Lacquer Nail Polish 724 Come On Clover,2,ESS-NP-724-COC,30179448,66,6
L'Oreal Color Riche Satin Lipstick Limited Edition 297 Red Passion,2.25,LLP-ZIGZAG-297,3600523898275,264,6
L'Oreal Karl Lagerfeld's X Color Riche Lipstick IroniK,1.5,L-LP-KARL-IRONIK,3600523823321,79,6
L'Oreal Paris Color Riche Lipstick 377 Perfect Red,2,LLP-377,3600521966402,317,6
L'Oreal Paris Infallible Lip Paint Lacequer 105 Red Fiction,1,105 Red Fiction,3600523348008,15,6
L'Oreal Paris Infallible Lip Paint Lacequer 107 Dark River,1,107 Dark River,3600523348060,20,6
Loreal Color Riche Shine Lipstick 466 Like A Boss,1.75,LLP-CLR-466-LB,3600523465378,638,6
Loreal Colour Riche Lipstick Rouge Gold,1.75,LLP-GLD-ROUGE-GOLD,3600523309368,1134,6
Loreal Colour Riche Nail Polish 503 Addictive Plum,0.75,L-NL-503,30094116,61,12
Loreal Infallible Lip Gloss 407 Smoke Me Up,1.25,L-INF-GLS-407-SMU,3600522996767,95,6
Loreal Le Rouge Lumiere Lipstick 706 Perfect Burgundy,1.95,LLP-WHT-706-PB,3600523339839,100,6
Loreal Paris Infallible Lip Paint Lacquer 103 Fuchsia Wars,0.75,L-TUB-103,3600523348077,71,6
Loreal Paris Infallible Lip Paint Lacquer 110 Dracula Blood,0.75,L-TUB-110,3600523483495,58,6
Loreal Paris Infallible Lip Paint Lacquer 111 Purple Panic,0.75,L-TUB-111,3600523483501,79,6
Loreal Paris Infallible Lip Paint Matte 205 Apocalypse Red,1,L-TUB-205,3600523348039,68,6
Max Factor Excess Intensity Longwear Eyeliner 01 Excessive Gold,0.5,BRJ-EY-5302,4015600805302,253,12
Max Factor Excess Intensity Longwear Eyeliner 03 Excessive Green,0.5,BRJ-EY-5388,4015600805388,204,12
Max Factor Eyebrow Pencil Highlighter 001 Natural Glaze,0.9,MF-HGHT-001-NG,3614225304101,571,6
Maybelline Color Sensational Vivid Hot Lacquer Lipstick 72 Classic,1,MY-GLS-VHL-72,3600531393748,424,12
Maybelline Color Show 60 Seconds Nail Polish 31 Peach Pie,0.6,MB-NP-31-PM,30097179,1200,24
Maybelline Color Show Colorama Nail Polish Assorted Pack Of 36,18,36 x MB-NP,,97,1
Maybelline Color Show Nail Polish 513 Give Me Bubbly,0.6,MB-NP-513-GMB,30155220,473,24
Maybelline Color Show Nail Polish 514 See And Be Scene,0.6,MB-NP-514-SABS,30155275,554,24
Maybelline Master Precise Curvy Eyeliner Black,1.25,MB-CUR-EY-9398,30139398,760,12
Maybelline Super Slay Nail Polish 7 Days Gift Set,3,MB-SS-GFT,5021044119133,58,6
Maybelline Super Stay 24hr Colour 363 All Day Plum,2.5,MB-24HR-363,3600531365813,257,6
Maybelline Vivid Matte Lipstick 47 Deepest Plum,0.6,MB-VIV-MT-GLS-47,3600531414627,410,12
Nails Inc Absolute Dream Nail Polish 14ML,1.5,NI-NP-1610,843060101610,134,6
Nails Inc Bayswater Avenue Nail Polish 14ML,1.5,NI-NP-6093,840090076093,151,6
Nails Inc Chester Terrace Mews Nail Polish 14ML,1.5,NI-NP-2827,840090082827,70,6
Nails Inc Gel Effect Nail Polish Star Street 14ML,1.5,NI-NP-5096,840090075096,166,6
Nails Inc Lanark Road Powered By Collagen Nail Polish 14ML,1.25,NI-NP-0099,840090090099,217,6
Nails Inc Ormond Mews Powered By Collagen Nail Polish 14ML,1.75,NI-NP-6658,840090086658,167,6
Nails Inc Star Street Powered By Collagen Nail Polish 14ML,1.75,NI-NP-6634,840090086634,194,6
NYC Expert Last Lip Colour 405 Blue Rose,0.75,NYC-LP-405-BR,74170400175,303,6
NYX Duo Chromatic Shimmer Lip Gloss 04 Fairplay,1,NX-LP-DCLG04,800897104818,119,6
NYX Duo Chromatic Shimmer Lip Gloss 09 Foam Party,1,NX-LP-DCLG09,800897145521,113,6
NYX Extra Creamy Round Lipstick 643 Femme,1.25,NX-LSS-643,800897122096,30,6
NYX HD Studio Photogenic Foundation HDF107 Warm Sand,1.5,NX-HD-FN-107,800897834630,97,6
NYX High Voltage Lipstick 17 Playdate,1,NX-LP-HVLS-17,800897835002,92,6
NYX High Voltage Lipstick 19 Tiara,0.75,NX-LP-HVLS-19,800897835026,85,6
NYX Lip Of The Day Liquid Lip Liner 03 Enchanted,1,NX-LIP-LOTD03,800897054779,41,6
Revlon Colorstay Brow Mousse 401 Blonde,1.5,REV-MUS-401-BLONDE,309974222013,11,6
Revlon Super Lustrous Matte Is Everything Lipstick 049 Rise Up Rose,1.5,RV-LP-049,309973025035,1200,6
Revlon Super Lustrous Matte Lipstick 057 Power Move,1.25,REV-LP-057-POW-MV,309973025110,223,6
Rimmel London Lasting Finish By Rita Ora 003 Crimson Love,1.25,RIM-RED-LP-003-CL,3614225243233,40,6
Rimmel London Salon Pro Lycra By Kate Nail Polish 361 Acid House,0.5,RIM-SLN-PRO-361-AH,3607349193478,936,24
Rimmel London Salon Pro Lycra By Kate Nail Polish 713 Britpop,0.5,RIM-SLN-PRO-713-BP,3607349193768,1200,72
Rimmel London Salon Pro Lycra Nail Polish 500 Peppermint,0.5,RIM-SLN-PRO-500-PMNT,3607349193621,1200,72
Rimmel London Salon Pro Nail Polish Pack of 36,18,36 x RIM-SLN-PRO,,76,1
Rimmel Stay Blushed Liquid Cheek Tint 003 Peach Flush,0.25,RIM-STAY-BLSH-003-PF,360734657185,49,24
Rimmel Wonder Ombre Holographic Effect Eyeliner 003 Purple Frism,1,RIM-EY-OMBRE-003-PP,3614225002823,44,12
Rimmel Wonder Ombre Holographic Effect Eyeliner 004 Golden Gaze,0.75,RIM-EY-OMBRE-004-GG,3614225002830,62,12
Sally Hansen Miracle Gel Neon Nail Polish 052 Electri-lime,1,SAL-GEL-NP-052,74170461442,25,6
Sally Hansen Miracle Gel Neon Nail Polish 053 Miami Ice,1,SAL-GEL-NP-053,74170461459,72,6
Sally Hansen Salon Gel Polish 266 Blue My Mind,1,SAL-NP-GEL-266-BMM,74170417258,132,6
SensatioNail Express Gel Nail Polish Don't Moss With Me,1.5,SEN-GEL-NP-72105,79181721059,68,6
SensatioNail Express Gel Nail Polish Iris I Was Rich,1.5,SEN-GEL-NP-72256,79181722568,73,6
SensatioNail Express Gel Nail Polish The Pink Slip,1.5,SEN-GEL-NP-72092,79181720922,378,6
Sleek Brow Intensity Mascara & Highlighter 215 Light,0.25,SLK-BRW-LGHT-215,96146514,561,24
Sleek Brow Intensity Mascara & Highlighter 216 Medium,0.25,SLK-BRW-MED-216,96146538,258,24
Sleek Brow Intensity Mascara & Highlighter Dark 217,0.25,SLK-BRW-DRK-217,96146552,497,24
Sleek Lip V.I.P Lipstick 1007 Fancy Pants,1,SLK-VIP-1007,96131664,415,24
Sleek Lip V.I.P Lipstick 1021 Ready To Rock,0.5,SLK-VIP-1021,96147955,635,24
Sleek Lip V.I.P Lipstick 1022 Name In Lights,0.4,SLK-VIP-1022,96147979,565,24
Sleek Lip V.I.P Lipstick 1023 Steal The Limelight,0.3,SLK-VIP-1023,96148006,864,48
the Balm Instain Long Wearing Staining Powder Blusher Swiss Dot,4,BALM-INST-SWISS-DOT,681619800627,15,3
the Balm Pic Perf Autobalm Eyeshadow Palette,6,BALM-PIC-PERF,681619814457,13,3
the Balm What's The Tea Hot Tea Eyeshadow Palette,9,BALM-EYSHW-4181,681619814181,20,3
Barry M Flawless Light Reflecting Concealer Cinnamon,0.5,BRY-M-CON-CINEMON,5019301203053,122,6
Bourjois Rouge Fabuleux Lipstick 01 Abracadabeige,1.25,BRJ-LP-RF-01-5356,3614225975356,169,6
Bourjois Rouge Fabuleux Lipstick 04 Jolie Mauve,1.25,BRJ-LP-RF-04-5387,3614225975387,11,6
Bourjois Rouge Fabuleux Lipstick 06 Sleepink Beauty,1.5,BRJ-LP-RF-06-5400,3614225975400,21,6
Bourjois Rouge Fabuleux Lipstick 18 Betty On The Cake,1.25,BRJ-LP-RF-18-1318,3614228411318,288,6
Bourjois Rouge Fabuleux Lipstick 19 Betty Cherry,1.25,BRJ-LP-RF-19-1325,3614228411325,377,6
Bourjois Rouge Fabuleux Lipstick 20 Bon'Rouge,1.25,BRJ-LP-RF-20-1332,3614228411332,336,6
Bourjois Rouge Fabuleux Lipstick 21 Chocolat Show,1.25,BRJ-LP-RF-21-9059,3614229089059,479,6
Covergirl Outlast All-Day Intense Lipstick 135 Precious Ruby,0.75,CG-LP-135-PR,4637622,92,6
Essie Nail Lacquer Nail Polish 542 Pass-port To Sail,2,ESS-NP-542-PPS,30168015,29,6
Essie Nail Lacquer Nail Polish 642 Set In Sandstone,2,ESS-NP-642-SIS,30175457,12,6
L'Oreal Color Riche Limited Edition Lipstick 804 Liebe,1.75,LLP-GLD-804-LEIBE,3600523775248,41,6
L'Oreal Color Riche Lipstick  Limited Edition 488 Close At Night,2.25,LLP-488-CN,3600523643028,151,6
L'Oreal Color Riche Lipstick Plum Gold,1.8,LLP-PLM-GLD,3600523309863,1200,6
L'Oréal Color Riche Matte Lipstick 349 Paris Cherry,1.95,LLP-BLK-349-PC,3600523399888,976,6
L'Oréal Color Riche Matte Lipstick 633 Moka Chic,2.5,LLP-BLK-633-MC,3600523399789,1200,6
L'Oreal Color Riche Nail Polish 770 Vert Epoque,0.75,L-NP-770-VE,30142350,276,12
L'Oreal Color Riche Ultra Matte Lipstick No Dependency,1.95,LLP-MATTE-NO-DEP,3600523747252,1200,6
L'Oreal Infallible Eye Paint Eyeshadow 405 Take A Bow,0.75,L-EY-PNT-405-TAB,3600523535903,44,12
L'Oreal Magic Mani Retouch & Go Nail Pen 102 Nude,0.25,L-MANI-102-NUDE,30142084,197,24
L'Oreal Magic Mani Retouch & Go Nail Pen 103 Beige,0.25,L-MANI-103-BEIGE,30142091,143,24
L'Oreal Magic Mani Retouch & Go Nail Pen 202 Rose,0.25,L-MANI-202-ROSE,30142220,119,24
L'Oreal Magic Mani Retouch & Go Nail Pen 203 Fuchsia,0.25,L-MANI-203-FUCHIA,30142213,83,24
L'Oreal Magic Mani Retouch & Go Nail Pen 301 Coral,0.25,L-MANI-301-CORAL,30142206,169,24
L'Oreal Magic Mani Retouch & Go Nail Pen 401 Red,0.25,L-MANI-401-RED,30142145,94,24
L'Oreal Magic Mani Retouch & Go Nail Pen 403 Berry,0.25,L-MANI-403-BERRY,30142169,168,24
L'Oreal Magic Mani Retouch & Go Nail Pen 501 Navy,0.25,L-MANI-501-NAVY,30142244,82,24
L'Oreal Matte Signature Eyeliner 07 Copper,1.5,L-EY-MAT-07-COP,30175280,1200,6
L'Oreal Matte Signature Eyeliner 09 Fushia,1.5,L-EY-MAT-09-FS,30175303,1200,6
L'Oreal Paris Rouge Signature Matte Liquid Lipstick 103 I Enjoy,1.75,L-MT-GLS-103-ENJ,3600523543786,307,6
L'Oreal Paris Rouge Signature Matte Liquid Lipstick 117 I Stand,1.6,L-MT-GLS-117-ISTND,3600523543779,1019,6
L'Oréal Paris Rouge Signature Metallic Liquid Lipstick 201 I Stupefy,1.6,L-MAT-GLS-iSTP-201,3600523760312,99,6
L'Oréal Paris Rouge Signature Metallic Liquid Lipstick 203 I Magnetize,1.6,L-MAT-GLS-203,3600523760350,214,6
L'Oréal Paris Rouge Signature Metallic Liquid Lipstick 205 I Fascinate,1.6,L-MAT-GLS-205,3600523760367,416,6
L'Oreal True Match Perfecting Concealer 10.N Cocoa,1,L-TRU-MAT-CON-10-N,3600523500178,272,6
Loreal Infallible Lip Gloss 204 On The List,1.25,L-INF-GLS-204-OTL,3600522996538,166,6
Max Factor Facefinity All Day Concealer 050,1.25,MAX-CON-050,3614229310030,170,6
Max Factor FaceFinity Compact Foundation 009 Caramel,2.5,MF-FACENITY-009-CM,8005610545196,125,6
Maybelline Burgundy Bar Eye Shadow Palette,3,MB-EYSH-BUR-9911,3600531429911,30,3
Maybelline Color Sensational Lipstick 547 Pleasure Me Red,1.5,MB-LP-547-PMR,3600530559794,1200,6
Maybelline Color Sensational Lipstick 757 Naked Brown,0.75,MB-LP-757-NB,3600530958214,578,24
Maybelline Color Show Velvet Lip Crayon 605 Caramel Latte,1,MB-PNC-605-CL,3600531334352,327,6
Maybelline Gigi Hadid Lipstick GG23 Khair,1,MB-LP-GG23,3600531482138,134,12
Maybelline LeGer Limited Edition Color Sensational Lipstick - 04 Chelsea Lover,1,MB-LP-LG04,3600531520632,49,6
Maybelline LeGer Limited Edition Color Sensational Lipstick - 05 Downtown Bae,1,MB-LP-LG05,3600531520649,60,6
Maybelline LeGer Limited Edition Color Sensational Lipstick - 06 Broadway Nights,1,MB-LP-LG06,3600531520656,43,6
Maybelline Lipstick Color Sensational Metallic 001 Platinum Rose,1,MB-LP-001-PR,3600531512583,169,6
Maybelline Plumper Please Duo Lip Gloss + Liner 240 Stunner,1.25,MB-PLUMER-240-STNER,41554545425,86,6
Maybelline SuperStay 24HR Dual Ended Lipstick 815 Scarlet Splash,1.5,MB-24HR-815,3600531457631,95,6
Maybelline Superstay Full Coverage Concealer 40 Caramel,1.6,MB-CON-SUP-STAY-40,30175594,177,12
Maybelline The Colossal Big Shot Black Tinted Fibre Mascara,1.65,MB-MAS-BIG-SHOT,3600531470449,234,6
Maybelline The Colossal Spider Effect Black Mascara,2.75,MB-SPIDER-MAS-9319,3600531339319,122,6
Miss Sporty Insta Glow Foundation 001 Ivory,0.25,MS-INSTA-FON-001-IVR,3614221142073,952,24
Miss Sporty Insta Glow Foundation 002 Light,0.25,MS-INSTA-FON-002-LIGHT,3614221142080,1200,24
Nails Inc Birthday Babe Diamonds Nail Polish 14ML,1.5,NI-NP-0834,843060110834,117,6
Nails Inc Nailkale Claremont Street Nail Polish 14ML,1.5,NI-NP-6109,840090076109,110,6
Nails Inc Nailkale Mayfair Lane Nail Polish 14ML,1.5,NI-NP-2669,840090062669,57,6
NYX Full Throttle Eyeshadow Stick 03 Electric Surface,0.75,NX-FTSS-03,800897846077,83,6
NYX Full Throttle Eyeshadow Stick 05 Graphic Content,0.75,NX-FTSS-05,800897846091,74,6
NYX Full Throttle Eyeshadow Stick 06 Cold Fear,0.75,NX-FTSS-06,800897846107,143,6
NYX High Voltage Lipstick 06 Hollywood,1,NX-LP-HVLS-06,800897834890,153,6
NYX Machinist Lip Lacquer Glossy Blue 02 Steam,0.75,NX-LP-MACLAQ02,800897179427,420,6
NYX Machinist Lip Lacquer Glossy Wine 01 Grind,0.75,NX-LP-MACLAQ01,800897179410,359,6
NYX Machinist Lipstick Metallic Bronze 03 Ignite,1,NX-LP-MACLS03,800897179465,50,6
NYX Machinist Lipstick Metallic Honey Bronze 01 Grind,1,NX-LP-MACLS01,800897179441,67,6
NYX Midnight Chaos Chromatic Lip Gloss 02 Pastel Comet,1,NX-LP-MCLG02,800897170158,172,6
NYX Midnight Chaos Chromatic Lip Gloss 05 Interstellar Gleam,1,NX-LP-MCLG05,800897170189,232,6
NYX Midnight Chaos Chromatic Lip Gloss 06 Galactic,1,NX-LP-MCLG06,800897170196,222,6
NYX Midnight Chaos Chromatic Lip Gloss 07 Cosmic Rain,1,NX-LP-MCLG07,800897170202,237,6
NYX Midnight Chaos Chromatic Lip Gloss 08 Prismatic,1,NX-LP-MCLG08,800897170219,217,6
NYX Midnight Chaos Chromatic Lip Gloss 09 Galactic Blue,1,NX-LP-MCLG09,800897170226,225,6
NYX Midnight Chaos Chromatic Lip Gloss 10 Melted Onyx,1,NX-LP-MCLG10,800897170233,179,6
NYX Midnight Chaos Chromatic Lip Gloss 11 Dark Dimension,1,NX-LP-MCLG11,800897170240,223,6
NYX Midnight Chaos Chromatic Lip Gloss 12 Mimsy,1,NX-LP-MCLG12,800897170257,223,6
NYX Midnight Chaos Dual Ended Eyeliner 04 Purple / Mirror Image,1,NX-EYE-MCDEL04,800897172213,45,6
NYX Midnight Chaos Dual Ended Eyeliner 05 Rust / Midnight Rouge,1,NX-EYE-MCDEL05,800897172220,124,6
NYX Strictly Vinyl Lip Gloss 05 Rebel,1,NX-LP-SVLG05,800897137793,192,6
NYX Strictly Vinyl Lip Gloss 08 Bad Seed,1,NX-LP-SVLG08,800897137878,110,6
Quick Fix Facials Silver Peel Mask,0.35,QUICK-FIX-MASK,5060528313742,376,24
Revlon Super Lustrous Matte Is Everything Lipstick 052 Show Stopper,1.25,RV-052,309973025066,229,6
Revolution Makeup Ultra Strobe Balm Palette,1.95,R-TION-EYSHDW-3981,5029066093981,39,6
Sally Hansen I Heart Nail Art Brush Kit,0.5,SAL-NL-ART-BRSH,74170441307,664,12
Sleek Lip V.I.P Lipstick 1002 Private Booth,0.3,SLK-LP-1002-PB,93126271,1118,24
Bourjois  Always Fabulous 24 Hour Concealer 450 Golden Beige,1.25,BRJ-CON-450-GB-9885,3614228689885,182,6
Bourjois  Always Fabulous 24 Hour Concealer 600 Chocolate,0.95,BRJ-CON-600-CH-9908,3614228689908,505,6
Bourjois 1 Seconde Gel Nail Polish & Top Coat 32 Vampire Vanity,0.2,BRJ-NP-SIL-GEL-32-VV,3052503533209,769,24
Bourjois Always Fabulous 24 Hour Foundation 600 Chocolate,1,BRJ-FON-600-CH-3008,3614228413008,512,6
Bourjois La Laque Nail Polish 11 Only Bluuuue,0.25,BRJ-NP-11-OB,3052503301105,198,24
Bourjois La Laque Nail Polish 12 Ni Vernis Bleu,0.25,BRJ-NP-12-NVB,3052503301204,459,24
Essie Leave No Trace Glitter Nail Polish Remover,1.5,ESS-NP-REMOVER-2339,3600531072339,60,6
Essie Mini Nail Lacquer 318 Resort Fling,0.5,ESS-NP-318-RF-MINI,,400,12
Essie Nail lacquer Nail Polish 557 Sunny Daze,2,ESS-NP-557-SD,30169302,132,6
Essie Nail Lacquer Nail Polish 89 Over The Edge,2,ESS-NP-89-OTE,30095915,66,6
L'Oreal Age Perfect and Illuminate Foundation 350 Sable,3.5,L-AGE-FND-350-SAB-0195,3600523330195,81,3
L'Oreal Color Riche Balmain Limited Edition Lipstick - 650 Power,1.75,LLP-BLM-POWER-3352,3600523513352,139,6
L'Oreal Color Riche Balmain Limited Edition Lipstick - 905 Balmain Instinct,1.75,LLP-BLM-INSTINCT-4928,3600523554928,223,6
L'Oreal Color Riche Matte Lipstick 358 Lava,2,LLP-358,3600523584789,286,6
L'Oreal Color Riche Matte Lipstick 463 Plum Tuxedo,2.25,LLP-463,3600523399895,87,6
L'Oreal Color Riche Ultra Matte Lipstick No Prejudice,1.75,LLP-MAT-NO-PREJUDICE,3600523747160,1200,6
L'Oreal Infallible Eye Paint Eyeshadow 207 Sassy Squad,0.5,L-EYPNT-207-SS,3600523482177,357,12
L'Oréal Infallible Lip Gloss Neon 305 Miami Vice,1,L-INF-GLS-305-MV,3600522996644,29,6
L'Oréal Infallible Lip Gloss Neon 306 More Of Bora Bora,0.75,L-INF-GLS-306-MBB,3600522996651,94,6
L'Oreal Paris Age Perfect Moisturising Cuticle Care,0.6,L-AP-MC-8364,4037900288364,38,12
L'Oreal Paris Brilliant Signature High Shine Lip gloss 301 Be Determined,1.95,L-GLS-BRI-301-4829,3600523794829,689,6
L'Oreal Paris Brilliant Signature High Shine Lip gloss 308 Be Demanding,1,L-GLS-BRI-308-4867,3600523794867,1200,24
L'Oreal Paris Brilliant Signature Lip gloss - 306 Be Innovative,1.6,L-GLS-306-4881,3600523794881,134,6
L'Oreal Paris Brilliant Signature Lip gloss 311 Be Brillant,1.75,L-GLS-311-4959,3600523794959,43,6
L'Oreal Paris Infaillible More Than Concealer - 343 Truffe,1.5,L-CON-TUF-343-3538,30173538,349,6
Lash FX Build Me Up Black Mascara,2.25,LASH-FX-MAS-2296,5060144872296,11,3
Max Factor 2000 Calorie Waterproof Volume Mascara Black Brown,3,MF-MAS-2000-CAL-1476,3614225851476,982,6
Max Factor Brow Revival Densifying Mascara 004 Grey,1.25,MF-BR-MAS-004-G-4940,3614227914940,120,6
Max Factor Color Elixir Lip Liner 20 Plum Passion,1.25,MF-LL-20-PP-8491,3614227128491,511,6
Max Factor Facefinity Compact Foundation 010 Soft Sable,1.75,MF-FCFNTY-010-SS,8005610545233,365,6
Max Factor Gel Shine Lacquer Nail Polish 35 Lacquered Violet,1,MF-NP-LQ-35-1296,96091296,171,24
Max Factor Gel Shine Lacquer Nail Polish 40 Glazed Cobalt,0.75,MF-NP-LQ-40-1272,96091272,1200,24
Max Factor Gel Shine Lacquer Nail Polish 50 Radiant Ruby,0.75,MF-NP-LQ-50-1234,96091234,1177,24
Max Factor Gel Shine Lacquer Nail Polish 55 Sparkling Berry,1,MF-NP-LQ-55-1258,96091258,697,24
Max Factor Gel Shine Lacquer Nail Polish 60 Sheen Merlot,1,MF-NP-LQ-60-1265,96091265,293,24
Max Factor Glossfinity Nail Polish 185 Ruby Fruit,0.75,MF-NP-GF-185-8529,96038529,1200,24
Max Factor Rise & Shine Lift & Volume Mascara 001 Black,2.5,MF-MAS-RISE-001-BLK-5085,3614227905085,274,6
Maybelline Color Show 60 Seconds Nail Polish 150 Mauve Kiss,0.75,MB-CSNP-150-MK,30096974,306,24
Maybelline Color Show 60 Seconds Nail Polish 328 Sidewalk Strut,0.6,MB-NP-CS-328-SS,30116290,420,24
Maybelline Color Show 60 Seconds Nail Polish 353 Red,0.75,MB-NP-CS-353-RED,30104877,144,24
Maybelline Color Show 60 Seconds Nail Polish 471 Dear Magenta,0.6,MB-CSNP-471-DM,30140158,95,24
Maybelline Color Show 60 Seconds Nail Polish 473 Top Coat Tweedy,0.6,MB-CSNP-473-TPCT,30140172,688,12
Maybelline Color Show 60 Seconds Nail Polish 498 Mars,0.5,MB-CSNP-498-MARS,30154483,287,24
Maybelline Color Show 60 Seconds Nail Polish 6 Bubblicious,0.75,MB-NP-CS-6-BUBB,30097186,563,24
Maybelline Color Show 60 Seconds Nail Polish 70 Ballerina,0.75,MB-NP-CS-70-BALLNA,30097230,112,24
Maybelline Dr. Rescue Base Coat 01 Peel Off,0.75,MB-DRR-BSCT-01,30116221,150,24
Maybelline Fit Me Foundation Matte & Poreless 245 Classic Beige,2.25,MB-FND-FITME-245,3600531453404,894,6
Maybelline New Master Blush Color And Highlighting Kit Palette,1.5,MB-MAST-PAL-8653,3600531378653,747,6
Maybelline Super Stay 24hr Lipstick Colour 840 Merlot *unboxed*,1.25,MB-24HR-840-M,,12,6
Maybelline Superstay Multi-Usage Creamy Matte Foundation Stick 003 True Ivory,2,MB-FON-STIK-003-TI,30170728,55,6
Maybelline Superstay Multi-Usage Creamy Matte Foundation Stick 036 Warm Sun,2,MB-FON-STIK-036-WS,30170773,35,6
Maybelline The Colossal Big Shot Waterproof Black Mascara,3,MB-MAS-BIG-WPB-3296,30143296,1060,6
NYX Hot Singles Eyeshadow 09 Harlequin,1,NX-HS09,800897825737,33,6
NYX Hot Singles Eyeshadow 63 Rehab,1,NYX-EYSHDW-63-REHAB,800897826277,20,6
NYX Hot Singles Eyeshadow Refill 66 Spontaneous,0.5,NYX-EYSHDW-66-SPONT,800897845339,92,6
Revlon Super Lustrous Creme Lipstick 720 Fire & Ice,1.25,REV-LP-720-FI,80100004511,813,6
Rimmel Lasting Finish 25HR Skin Perfecting Foundation 300 Sand,2.75,RIM-25H-FON-300-SAND,3607342952775,106,3
Rimmel London Glitter Bomb Top Coat 022 Bling Thing,0.5,RIM-NP-022-BT-7815,3607344577815,1200,48
Rimmel London Jelly Highlighter Illuminateur 020 Candy Queen,1.5,RIM-JLLY-020-0635,3614229160635,126,6
Rimmel London Lasting Finish 25HR Full Coverage Foundation 303 True Nude,3,RIM-FON-25HR-303-TN-9104,3607345379104,408,6
Rimmel London Lasting Finish By Kate Lipstick 114,1.25,RIM-RED-LP-114,3614222192312,117,6
Rimmel London Lasting Finish Extreme Lipstick 800 Salty,1.35,RIM-LP-EXTR-800-SALTY-2612,3614228342612,87,6
Rimmel London Lasting Finish Matte Lipstick 114,1.25,RIM-MAT-LP-114-2312,3614222192312,164,6
Rimmel London Lasting Finish Matte Lipstick 117,1.25,RIM-RED-LP-117,3614222192343,71,6
Rimmel London Magnif Eyes Holographic Eyeshadow & Highlighter 024 Gilded Moon,1,RIM-EYS-HGH-024-GM-2649,3614224872649,397,6
Rimmel London Magnif'Eyes Eyeshadow Palette 006 Wow Edition,2.5,RIM-EYES-006-WE-2898,3614226342898 ,363,6
Rimmel London Stay Stain Lip Gloss 400 Obsession,1.25,RIM-GLS-STST-400-OB,3614226472205,124,6
Rimmel London Stay Stain Lip Gloss 800 Rad,1,RIM-GLS-SS-800-RAD,3614226472274,580,6
Rimmel London Sweetie Crush Nail Polish 008 Sherbet Sweetheart,0.25,RIM-NP-SWTI-008-SS,3607349839451,264,48
Rimmel London Sweetie Crush Nail Polish 010 Fizzy Applelicious,0.25,RIM-NP-SWTI-010-FA,3607349839512,206,24
Rimmel London Sweetie Crush Nail Polish 012 Blueberry Whizz,0.5,RIM-NP-SWTI-012-BW,3607349839536,327,24
Rimmel London Wake Me Up Foundation 400 Natural Beige,3,RIM-WMU-FON-400-NB-0143,3607342360143,26,6
Rimmel Stay Matte Liquid Lip Colour 870 Damn Hot,0.75,RIM-STMT-870,3614225050824,396,6
Sally Hansen Complete Salon Manicure Nail Polish 5ml 660 Pat On The Black,0.3,SAL-MINI-NP-660,3614224842376,62,24
Bourjois Healthy Mix Foundation 57.5 Golden Caramel,2.25,BRJ-FON-57.5-GLD-CAR,3614225451577,27,6
Bourjois Healthy Mix Foundation 58 Caramel,2.25,BRJ-FON-58-CARML-6126,3614222986126,160,6
Bourjois Healthy Mix Foundation 59 Amber,2,BRJ-FON-59-AMBER,3614225451584,577,6
Bourjois Healthy Mix Foundation 60 Dark Amber,1.9,BRJ-FON-60-DARK AMB,3614225451591,74,6
Bourjois Healthy Mix Powder 06 Honey,2,BRJ-PWD-HLT-06-HNY-6951,3616301036951,69,6
Bourjois Healthy Mix Sorbet Blush Checks And Lips 02 Apricot,1.95,BRJ-BLUSH-02-APCT-2701,3614226912701,966,6
Bourjois Sculpt Light Strobing Highlighter,2.5,BRJ-SUL-LIGHT-0107,3052503620107,236,6
Bourjois So Laque Glossy Nail Polish 04 Amande Defile,0.2,BRJ-NP-SO-04-AD-0428,3052503790428,72,24
Bourjois So Laque Glossy Nail Polish 06 Adora-Bleu,0.35,BRJ-NP-SO-06-AB-0626,3052503790626,245,24
Essie Nail Lacquer Nail Polish 618 Reign Check,2,ESS-NP-618-RC,30173873,13,6
Essie Nail Lacquer Nail Polish 625 Sweet Not Sour,2.5,ESS-NP-625-SNS,30174412,19,6
Essie Nail Lacquer Nail Polish 634 Birthday Wishes,1.75,ESS-NP-634-BW,30175204,119,6
Essie Nail Lacquer Nail Polish 683 Rainwear Don't Care,2,ESS-NP-683-RDC,30178311,54,6
Essie Nail Lacquer Nail Polish 735 Roll with It!,1.5,ESS-NP-735-RWI,30181632,587,6
Essie Nail Lacquer Nail Polish 737 Whirl N Twirl,1.5,ESS-NP-737-WNT,30181656,456,6
Essie Nail Lacquer Nail Polish 738 Sequin Scene,1.5,ESS-NP-738-SS,30181663,582,6
L'Oreal Age Perfect and Illuminate Foundation 270 Amber Beige,3.5,L-AGE-FND-270-AB-0171,3600523330171,132,3
L'Oreal Color Riche Nail Polish 960 Tweed Fuchsia,0.35,L-NP-SML-960-TF,30171797,100,50
L'Oreal Color Riche Nail Polish 962 Lame Crimson,0.3,L-NP-SML-962-LC,30141810,76,50
L'Oreal Le Liner Signature Eyeliner 10 Rose Latex,0.75,L-LPLN-SIGN-10-RL-6539,30176539,405,12
L'Oreal Paris Paradise Brow Gel Pomade Extatic 102 Warm Blonde,2.25,L-BROW-POM-102-WB-3630,30143630,1146,6
Manhattan Bloggers Choice Nail Polish 002 Ni Hao In The Morning,0.2,MH-NP-BLG-002-MRNG,3607344559125,76,24
Manhattan Bloggers Choice Nail Polish 003 Green & Bronx,0.1,MH-NP-BLG-003-GB,3607344559132,1151,24
Max Factor Facefinity All Day Flawless Foundation 100 Sun Tan,2.5,MF-FND-3IN1-100-ST,3614225851728,84,6
Max Factor Facefinity All Day Flawless Foundation 95 Tawny,2.5,MF-FND-3IN1-95-TWY,3614225851711,76,6
Max Factor Miracle Touch Foundation 097 Toasted Almond,3,MF-FON-MIRACLE-097-TA-2934,3614227962934,96,6
Maybelline Color Sensational Lip Liner 540 Hollywood Red,1.25,MB-LPLN-540-HR,3600530575480,384,12
Maybelline Color Show 60 Seconds Hi Nail Polish,0.25,MB-NP-CS-HI-7944,4084200887944,24,24
Maybelline Color Show 60 Seconds Nail Polish 76 Empire Grey,0.6,MB-CSNP-76-EG,30137516,503,24
Maybelline Color Show Neon Pastels Nail Polish 480 Electric Blue,0.75,MB-NP-CS-480-EB,30142824,15,24
Maybelline Color Tattoo 24HR Cream Eyeshadow Urbanite,1,MB-EYSHW-URB-1480,3600531581480,585,6
Maybelline Dream Velvet Soft Matte Foundation 20 Classic Ivory,1.4,MB-FND-VELVET-20-CI-9967,5021044109967,1200,12
Maybelline Dream Velvet Soft Matte Foundation 21 Nude,1.75,MB-FND-VELVET-21-N-4649,3600531294649,1200,12
Maybelline Dream Velvet Soft Matte Foundation 30 Sand,1.25,MB-FND-VELVET-30-S-4656,3600531294656,1200,12
Maybelline Dream Velvet Soft Matte Foundation 40 Fawn,1.4,MB-FND-VELVET-40-FWN-4663,3600531294663,1200,12
Maybelline Dream Velvet Soft Matte Foundation 90 Honey Beige,1.4,MB-FND-VELVET-90-HB-9981,5021044109981,1056,12
Maybelline Dream Velvet Soft Matte Foundation 92 Caramel,1.5,MB-FND-VELVET-92-C-9134,5021044109134,84,12
Maybelline Fit Me Foundation Matte & Poreless 332 Golden Caramel,2.4,MB-FON-332-GC-5520,3600531395520,630,6
Maybelline Fit Me Foundation Matte & Poreless 358 Latte,1.5,MB-FON-358-L,3600531453459,36,6
Maybelline Line Refine Expression Kajal 36 Blue,0.8,MB-EYE-36-BLUE,4084200653606,1200,12
Maybelline New York Tattoo Eyeshadow Knockout,1.95,MB-EYSH-TT-KO-1473,3600531581473,106,6
Maybelline Superstay 24HR Dual Ended Lipstick 840 Merlot *Boxed*,1.95,MB-24HR-LP-840-M,3600531457594,1200,6
Maybelline Superstay 24HR Foundation 03 True Ivory,3,MB-FON-24HR-03-TI,3600531401931,1200,6
Maybelline Superstay 24HR Foundation 10 Ivory,3,MB-FON-24HR-10-IV,3600531401870,1200,6
Maybelline Superstay 24HR Foundation 30 Sand,3,MB-FON-24HR-30-SAND,3600531401993,1200,6
Maybelline Superstay Full Coverage Concealer 10 Fair,1.6,MB-CON-SUP-STAY-10,30175532,507,12
Maybelline Superstay Full Coverage Concealer 15 Light,1.5,MB-CON-SUP-STAY-15,30175549,1024,12
Maybelline Superstay Full Coverage Concealer 20 Sand,1.6,MB-CON-SUP-STAY-20,30175563,142,12
Maybelline Superstay Full Coverage Concealer 45 Tan,1.6,MB-CON-SUP-STAY-45,30175600,295,12
Maybelline The City Mini Eyeshadow Palette 450 Graffiti Pop,1.5,MB-EY-PLT-450-GP,3600531490805,763,6
Nails Inc Primrose Multivitamin Nail Polish,1.9,NI-NP-5577,840090075577,14,6
Revlon Super Lustrous Matte Is Everything Lipstick 055 Forward Magenta,1.25,RV-055,309973025097,215,6
Rimmel 60 Seconds Nail Polish 200 Princess Pink,1,RIM-NP-200,3661163955827,815,12
Rimmel Lasting Finish Lipstick 500 Red-Y?,0.75,RIM-LP-500-REDY-7761,3614224217761,862,6
Rimmel London 60 Seconds Super Shine Nail Polish 101 Taupe Throw Back,1,RIM-NP-SS-101-TTB-5184,3616301265184,419,12
Rimmel London 60 Seconds Super Shine Nail Polish 707 Tan-A-Cotta,1,RIM-NP-SS-707-TAC-1177,3614228081177,96,12
Rimmel London 60 Seconds Super Shine Nail Polish 710 Oh My Cherry,1,RIM-NP-SS-710-OMC-1207,3614228081207,711,12
Rimmel London 60 Seconds Super Shine Nail Polish 720 Sea In The Dark,1.5,RIM-NP-SS-720-SD-1306,3614228081306,813,12
Rimmel London BB Cream 000 Very Light Tester,0.15,RIM-BB-9-TST-000-VL,,840,48
Rimmel London BB Cream 001 Light Tester,0.2,RIM-BB-RAD-TST-001-LGT,,1200,48
Rimmel London BB Cream Matte 01 Light Tester,0.15,RIM-BB-MATT-TST-01-LGT,,264,48
Rimmel London Lasting Finish Foundation 600 Warm Coconut,1.35,RIM-FON-25HR-600-WC-6092,3616301236092,58,12
Rimmel London Lasting Finish Foundation 610 Tiramisu,1.35,RIM-FON-25HR-610-T-6115,3616301236115,258,12
Rimmel London Lasting Finish Foundation 700 Ebony,1.35,RIM-FON-25HR-700-EBNY-6122,3616301236122,289,12
Rimmel London Lasting Radiance Medium Coverage Foundation 010 Tester,0.2,RIM-FND-RAD-TST-010,,1200,48
Rimmel London Lasting Radiance Medium Coverage Foundation 070 Tester,0.15,RIM-FND-RAD-TST-070,,1104,48
Rimmel London Lasting Radiance Medium Coverage Foundation 350 Tester,0.15,RIM-FND-RAD-TST-350,,1080,48
Rimmel London Lasting Radiance Medium Coverage Foundation 504 Tester,0.15,RIM-FND-RAD-TST-504,,744,48
Rimmel London Match Perfection Foundation 001 Tester,0.2,RIM-FND-MATCH-TST-001,,131,48
Rimmel London Match Perfection Foundation 402 Tester,0.2,RIM-FND-MATCH-TST-402,,109,48
Rimmel London Match Perfection Foundation 502 Tester,0.2,RIM-FND-MATCH-TST-502,,216,48
Rimmel London Match Perfection Foundation 503 Tester,0.2,RIM-FND-MATCH-TST-503,,504,48
Rimmel London Match Perfection Foundation 504 Tester,0.2,RIM-FND-MATCH-TST-504,,264,48
Rimmel London Provocalips 16HR Lipstick 780 Shore Thing,1.2,RIM-16HR-780-ST-3723,3614225463723,956,6
Rimmel London Salon Pro Lycra By Kate Nail Polish 144 Mercury,0.25,RIM-SLN-PRO-144-5943,3614220235943,1200,72
Rimmel London Salon Pro Lycra By Kate Nail Polish 557 Yes Sir,0.5,RIM-SLN-PRO-557-3638,3607349193638,954,24
Rimmel London Salon Pro Lycra Nail Polish 411 Navy Seal,0.4,RIM-SLN-PRO-411-3577,3607349193577,1200,24
Sally Hansen I Heart Nail Art Stylo Pen 420 Silver,1,SAL-NLRT-PNC,74170414547,60,6
Sally Hansen Miracle Gel Nail Polish 860 The Devil Is In The Details,1,SAL-GEL-NP-860-TDTD,3616302385195,84,6
Sally Hansen Miracle Gel Nail Polish 861 Iconic Darling!,1,SAL-GEL-NP-861-ID,3616302385225,142,6
Sally Hansen Miracle Gel Nail Polish 865 No To Conformity,1,SAL-GEL-NP-865-NTC,3616302385188,62,6
Sally Hansen Miracle Gel Nail Polish 901 Gift For Blue,1.25,SAL-GEL-NP-901- GFB,3616302484997,42,6
Sally Hansen Miracle Gel Nail Polish 902 Living In The Presents,1.25,SAL-GEL-NP-902-LIP,3616302485024,50,6
Sally Hansen Miracle Gel Nail Polish 906 Glitter To Santa,1,SAL-GEL-NP-906-GS,3616302484973,185,6
Bourjois Air Mat Foundation Matte Finish 07 Toast,2.5,BRJ-FON-AIR-07-TOST-5708,3052503155708,188,6
Bourjois Always Fabulous 24 Hour 2-in-1 Foundation And Concealer Stick With Blender 200 Rose Vanilla,1.75,BRJ-ALW-FBL-200-RV,3614227786332,321,6
Bourjois Healthy Mix Anti-Fatigue Concealer 51 Light,1.75,BRJ-CON-HMIX-51-LGHT-5600,3614222985600,1200,6
Bourjois Healthy Mix Anti-Fatigue Concealer 54 Golden Beige,1.5,BRJ-CON-HMIX-54-GB-1208,3614226471208,1200,6
Bourjois Healthy Mix Anti-Fatigue Concealer 55 Honey,1.65,BRJ-CON-HMIX-55-HNY-1222,3614226471222,530,6
Bourjois Healthy Mix Anti-Fatigue Concealer 56 Amber,1.65,BRJ-CON-HMIX-56-AMB-1246,3614226471246,494,6
Bourjois Khol & Contour Extra-Long Wear Eyeliner Pencil 004 Brun Dependante,1.5,BRJ-EYE-KHOL-004-BD-2131,3614223912131,42,6
Bourjois Reveal Automatic Brow Pencil 001 Blonde,1.25,BRJ-BROW-PNC-001-BLND,3614226956309,278,6
Bourjois Rouge Edition Velvet Liquid Lipstick 13 Fuchsia,1.25,BRJ-LP-ROUG-13-FUS-1317,3052503261317,35,6
Bourjois Rouge Edition Velvet Liquid Lipstick 25 Berry Chic,1,BRJ-LP-ROUG-25-BC-3878,3614224843878,143,6
Bourjois Rouge Edition Velvet Liquid Lipstick 27 Cafe Ole,1.25,BRJ-LP-ROUG-27-CO-3892,3614224843892,169,6
Bourjois Rouge Edition Velvet Liquid Lipstick 36 In Mauve,1.25,BRJ-LP-ROUG-36-IM-3984,3614224843984,856,6
Bourjois Rouge Edition Velvet Liquid Lipstick 37 Ultra Violette,1.25,BRJ-LP-ROUG-37-UV-3991,3614224843991,87,6
Bourjois Rouge Velvet Ink Lipstick 11 Raisin Terdit,1.5,BRJ-LP-RG-11-RT-0922,3614228410922,1200,6
Bourjois Rouge Velvet Ink Lipstick 14 Utaupie,1.5,BRJ-LP-RG-14-UT-0953,3614228410953,877,6
Bourjois Rouge Velvet Ink Lipstick 24 Cup Of Rose,1.5,BRJ-LP-RG-24-COR-1426,3616300771426,1169,6
Bourjois Sculpt Lip Duo Liner & Lipstick 01 Pink Twice,1.1,BRJ-LIP-DUO-01-PT-8089,3614225688089,142,6
Bourjois Sculpt Lip Duo Liner & Lipstick 02 Peach Shake,0.8,BRJ-LIP-DUO-02-PS-8096,3614225688096,407,6
CND Exclusive Shades Shellac Luxe Vinylux 3 Piece Gift Set Femme Fatale,7.5,CND-3PC-FF,639370927213,68,3
Essie Expressie Quick Dry Nail Polish 110 Saffr-On The Move,1.4,ESS-EXP-QDRY-110,30177222,716,6
Essie Expressie Quick Dry Nail Polish 404 Fueled Up,1,ESS-EXP-QDRY-404-FUP,30181533,18,6
Essie Mini Trio Gift Set Nail Polish,3,ESS-NP-MINI-TRIO-7569,4056048007569,29,3
Essie Nail Lacquer Nail Polish 30 Sew Me,2,ESS-NP-30-SM-8247,30138247,72,6
Essie Nail lacquer Nail Polish 495 Exposed,1.5,ESS-NP-495-EXP-4407,30154407,278,6
Essie Nail Lacquer Nail Polish 581 Fall For NYC,1.5,ESS-NP-581-FFN,30171305,132,6
Essie Nail Lacquer Nail Polish 608 Serene Slate,1.75,ESS-NP-608-SS,30172852,263,6
Essie Nail lacquer Nail Polish 791 Have A Ball,1.5,ESS-NP-791-HB-9396,30159396,216,6
L'Oreal Age Perfect Radiant Concealer 03 Dark,1.25,L-CON-AGE-03-DRK-3219,3600523333219,679,6
L'Oreal Color Riche Lipstick 03 Midnight Bisous,2.5,L-LP-03-MB-1587,3600523991587,123,3
L'Oréal Color Riche Matte Lipstick 103 Blush In A Rush,2.5,L-LP-BLK-103-BIR-9796,3600523399796,1200,6
L'Oreal Color Riche Matte Lipstick 241 Pink A Porter,2,LLP-BLK-241-PP-9840,3600523399840,784,6
L'Oreal Color Riche Matte Lipstick 430 Mon Jules,2,LLP-BLK-430-MJ,3600523399956,332,6
L'Oreal Color Riche Matte Lipstick 472 Purple Studs,1.75,L-LP-BLK-472-PS-4765,3600523584765,1200,6
L'Oreal Color Riche Matte Lipstick 473 Obsidian,2.25,L-LP-BLK-473-OB-4772,3600523584772,225,6
L'Oreal Color Riche Matte Lipstick 640 Erotique,2.25,L-LP-BLK-640-ERO-9932,3600523399932,514,6
L'Oreal Color Riche Shine Lipstick 109 Pursue Pretty,2,LLP-CLR-109-PP-5408,3600523465408,69,6
L'Oreal Color Riche Shine Lipstick 352 Beauty Guru *See Description*,1.35,LLP-CLR-352-BG-PEEL,3600523465309,114,6
L'Oreal Color Riche Top Coat Gel Ultime,1,L-GL-TPCT-4841,30154841,723,12
L'Oreal Color Riche Ultra Matte Lipstick 01 No Obstacles,2.25,LLP-MATTE-NO-OBSTACLE,3600523747146,1200,6
L'Oreal Havana Camila Cabello Gotta Give Gel Brow 01 Light,1,L-EY-HAVANA-01,3600523676897,201,6
L'Oreal Infallible Eye Paint Eyeshadow 404 Man Down,0.75,L-EY-PNT-404-MD-5684,3600523515684,727,12
L'Oreal Infallible Mattifying Primer,2.5,L-INF-MAT-PRM-0939,3600523530939,1200,6
L'Oreal Karl Lagerfeld's Lipstick Karismatic,1.25,L-LP-KARL-KARS-3338,3600523823338,320,6
L'Oreal Le Liner Signature Eyeliner 03 Rouge Noir Angora,0.95,L-LPLN-SIGN-03-RNA-6461,30176461,256,12
L'Oreal Matte Signature Eyeliner 08 Snow,1.5,L-EY-MAT-08-SNOW-5297,30175297,1200,6
L'Oreal Paris Color Riche Lipstick 374 Intense Plum,1.7,L-LP-374,3600521966372,339,6
L'Oreal Paris Paradise Brow Gel Pomade Extatic 103 Chatain,2.4,L-BROW-POM-103-C,30143647,720,6
L'Oreal Paris Rouge Signature Metallic Liquid Lipstick 201 I Stupefy,1.2,L-MATT-GLS-201,3600523689545,1163,6
L'Oreal Volume Million Lashes Excess Mascara Black,3.5,L-MAS-VOLMIL-RED-EXC-8791,3600522218791,1200,6
Max Factor 2000 Calorie Curl Addict Mascara Black Brown,2,MF-MAS-2000-CURL-7529,96137529,19,6
Max Factor Facefinity All Day Flawless Foundation 95 Hazelnut,1.5,MF-FND-3IN1-95-HAZ,3614225851711,325,6
Max Factor Kohl Kajal Automatic Pencil Eyeliner 004 Effect Grey,1.25,MF-EYE-KHOL-004-EG-1565,3614228921565 ,175,6
Max Factor Miracle Touch Foundation 083 Golden Tan,2.8,MF-FON-MIRACLE-083-GT-2903,3614227962903,875,6
Max Factor Real Eyebrow Fill & Shape Pencil 01 Blonde,1.35,MF-EY-BRW-01-BLND-8030,3614229448030,414,6
Max Factor Volume Infusion Mascara Black,2.35,MF-MAS-VOL-INF-BLK-UNCRD,3614226290328,888,6
Max Factor Voluptuous False Lash Effect Mascara Black - Carded,3,MF-MAS-VOLUPTS-BLK-1689-CARD,96121689,223,6
Maybelline Color Show 60 Seconds Nail Polish 110 Urban Coral,0.65,MB-NP-CS-110-UC,30097254,1200,24
Maybelline Color Show 60 Seconds Nail Polish 327 Pink Slip,0.85,MB-NP-CS-327-PS-8264,30108264,1200,24
Maybelline Color Show 60 Seconds Nail Polish 422 Pave The Way,0.65,MB-NP-CS-422-PTW-5859,30115859,62,24
Maybelline Color Show 60 Seconds Nail Polish 749 Electric Yellow,0.5,MB-NP-CS-749-EY-7032,30097032,1200,24
Maybelline Express Finish 40 Seconds Nail Polish 740 Brassy,0.75,MB-NP-740-BRSY-1129,3600530201129,768,12
Maybelline Face Studio Chrome Extreme Highlighter 350 Molten Rose Gold,2,MB-HGHL-FACE-350-MRG-4197,3600531524197,63,6
Maybelline Lift Volum Express Mascara Black - Sealed,2.35,MB-MAS-LIFT-BLK-6294,3600530426294,1200,12
Maybelline Linerefine Expression Kajal Waterproof Eyeliner 38 Brown,0.9,MB-KAJAL-EXPR-38-BRW-3804,4084200653804,1200,12
Maybelline Master Camo Red Color Correcting Pen,1.2,MB-CC-PEN-RED,3600531413033,341,12
Maybelline Matte And Metallic Eye Duo Stick 04 Goals Courage,1.25,MB-METALIC-04-GC,3600531522148,18,6
Maybelline Superstay 24HR Foundation 34 Soft Bronze,2.75,MB-FON-24HR-34-BRZ,3600531402044,42,6
Maybelline Superstay 24HR Foundation 36 Warm Sun,3,MB-FON-24HR-36-WS,3600531402068,188,6
Maybelline Superstay 24HR Foundation 40 Fawn,3,MB-FON-24HR-40-FAWN,3600531401900,1114,6
Maybelline Superstay 24HR Foundation 58 True Caramel,2.15,MB-FON-24HR-58-TC,3600531402020,1200,24
Maybelline Tattoo Liner Gel Pencil 950 Rich Clay,1,MB-TATOO-LINER-950-RC,3600531531126,283,12
Revlon Photoready Insta-Fix Foundation 160 Medium Beige,1.5,REV-INST-FIX-160,309976920603,1200,12
Rimmel BB Cream Matte 9 In 1 Super Make-Up Medium,2.5,RIM-BB-MAT-3303,3607342683303,73,6
Rimmel London 60 Seconds Super Shine Nail Polish 411 A Lil Cheeky,1,RIM-NP-411-LC-6888,3614229326888,190,12
Rimmel London 60 Seconds Super Shine Nail Polish 863 Star Gazin,1,RIM-NP-SS-863-SG-6925,3614229326925,570,12
Rimmel London Brow Pro Micro Stroke Pen 002 Honey Brown,1.2,RIM-BRW-PEN-002-HB-4355,3614228984355,1200,6
Rimmel London Super Gel Nail Polish 003 Oh Shelly,1,RIM-SGNP-003-2703,30122703,125,12
Rimmel ScandalEyes Flex Mascara 001 Black,2.5,RIM-GRN-MAS-001,3607342452169,74,6
Sally Hansen Gel Rehab Overnight Nail Renewal Mask,2.25,SAL-GEL-REHAB-9433,74170449433,1200,6
Sally Hansen Hard As Nails Hardener,2,SAL-HRD-NL-0798,74170450798,1200,6
Sally Hansen Miracle Gel Friend Collection Nail Polish 884 Yellow Taxi,1,SAL-GEL-NP-884-YT-3225,3616303263225,169,6
Sally Hansen Miracle Gel Friend Collection Nail Polish 886 The One With The Teal,1,SAL-GEL-NP-886-TWT-3232,3616303263232,200,6
Sally Hansen Miracle Gel Friend Collection Nail Polish 887 How You Bluein?,1,SAL-GEL-NP-887-HB-3201,3616303263201,38,6
Sally Hansen Miracle Gel Friend Collection Nail Polish 888 Pivot!,1,SAL-GEL-NP-888-PV-3195,3616303263195,64,6
Sally Hansen Miracle Gel Nail Polish 492 Cabernet With Bae,1.25,SAL-GEL-NP-492-CB-1771,74170451771,502,6
Sally Hansen Revive Peel Off Nail Mask,1.3,SAL-NAIL-MASK-3720,3616301283720,1200,6
Sally Hansen Spa Collection Hydrating Foot Mask,1.4,SAL-FOOT-MASK-2640,3616301712640,511,6
Sally Hansen Spa Collection Hydrating Hand Mask,1.4,SAL-HAND-MASK-9060,3616301259060,385,6
Barry M Assorted Nail Polish Pack of 24,12,BRY-M-NP-ASS-PK-24,,96,1
Barry M Gelly Hi Shine Nail Polish Grapefruit,1,BM-NP-GRPF-0284,5019301030284,100,12
Barry M Green Origin Nail Polish Boysenberry,0.75,BM-GONP-BOYSBRY-4169,5019301034169,108,12
Barry M Green Origin Nail Polish Charcoal,0.4,BM-GONP-CHRCOAL-4220,5019301034220,216,12
Barry M Green Origin Nail Polish Down To Earth,1,BM-GONP-DTE-4176,5019301034176,100,12
Barry M Matte Nail Polish Malibu,0.75,BM-NP-422-M-6088,5019301036088,452,12
Barry M Matte Nail Polish Miami,1,BM-NP-425-MM-6071,5019301036071,356,12
Barry M Matte Nail Polish Rhossili,1,BM-NP-RHOSLI-6095,5019301036095,252,12
Barry M Molten Metal Nail Polish Black Diamond,1,BM-MTNP-BD-2271,5019301032271,14,12
Barry M Molten Metal Nail Polish Fuchsia Kiss,1,BM-MTNP-FK-2394,5019301032394,144,12
Barry M Molten Metal Nail Polish Peachy Feels,1,BM-MTNP-PF-2417,5019301032417,152,12
Barry M Molten Metal Nail Polish Pink Ice,1,BM-MTNP-9-PI-2295,5019301032295,44,12
Barry M Nail Polish Besopke,0.75,BM-NP-366-BS-3668,5019301023668,56,12
Barry M Nail Polish Frost,0.75,BM-NP-FRST-3620,5019301023620,300,12
Barry M Quick Dry Nail Polish Freestyle,0.4,BM-NP-QDRY-FS-2660,5019301032660,252,12
Barry M Quick Dry Nail Polish Pit Stop,1,BM-NP-QDRY-PS-0970,5019301030970,100,12
Barry M Silk Nail Polish Forest,1,BM-SKNP-434-FRST-8082,5019301038082,72,12
Bourjois Healthy Mix Anti-Fatigue Concealer 53.5 Dark Beige,1.5,BRJ-CON-HMIX-53.5-DB-5565,3614229065565,101,6
Bourjois Healthy Mix Foundation 54 Beige,4,BRJ-FON-54-BEIGE-6089,3614222986089,765,6
Bourjois Healthy Mix Foundation 55 Dark Beige,3.75,BRJ-FON-55-DB-6096,3614222986096,770,6
Bourjois Reveal Automatic Brow Pencil 002 Chestnut,1.75,BRJ-BROW-PNC-002-CHSNT-6316,3614226956316,293,6
Bourjois Reveal Automatic Brow Pencil 003 Brown,1.75,BRJ-BROW-PNC-003-BRW-6323,3614226956323,1200,6
Essie Get It Bright Base Coat Nail Polish,2.75,ESS-NP-BC-GIB-2105,3600531572105,50,6
Essie Mini Summer Kit Nail Polish Set Under The Sea,3,ESS-NP-SUMMER-KIT-6164,3600531656164,72,6
Essie Nail Lacquer Nail Polish 12 Tea & Crumpets,2.25,ESS-NP-12,30095144,178,6
Essie Nail Lacquer Nail Polish 503 Sheer Silhouette,2.25,ESS-NP-503-SS,30171855,78,6
Essie Nail Lacquer Nail Polish 540 Totally Plaid,2.25,ESS-NP-540-TP-3141,30153141,67,6
Essie Nail Lacquer Nail Polish 583 Empire Shade Of Mind,1.75,ESS-NP-583-ESM,30171329,198,6
Essie Nail Lacquer Nail Polish 627 Soles On Fire,1.5,ESS-NP-627-SOF-4436,30174436,156,6
Essie Nail Lacquer Nail Polish 715 You're A Catch,2,ESS-NP-715-YRC-9356,30179356,121,6
Essie Nail Lacquer Nail Polish 838 Along For The Vibe,1.6,ESS-NP-838-ALV-0195,30150195,77,6
Essie Nail Lacquer Nail Polish 845 Revenge's A beach,2,ESS-NP-845-RAB-7744,30147744,76,6
Essie Nail Lacquer Nail Polish 855 In Pursuit Of Craftiness,2,ESS-NP-855-IPC,30145214,92,6
L'Oreal Color Riche Intense Volume Matte Lipstick 346 Le Rouge Determination,2.25,L-LP-INT-346-LRD-3080,30153080,887,6
L'Oreal Color Riche Intense Volume Matte Lipstick 633 Le Rosy Confident,2.25,L-LP-INT-633-LRC-3059,30153059,1200,6
L'Oreal Color Riche Intense Volume Matte Lipstick 640 Le Nude Independant,2.25,L-LP-INT-640-IND-7942,30147942,265,6
L'Oreal Infaillible Longwear Shaping Foundation Stick 190 Golden Beige,2.5,L-FND-STK-190-GB-1523,3600523531523,83,6
L'Oreal Paris Paradise Brow Gel Pomade Extatic 101 Light Blonde,2,L-BROW-POM-101-LB-3623,30143623,204,6
Max Factor Colour Elixir Honey Lacquer Lip Gloss Regale Burgundy,1.5,MF-GLS-RB-4247,8005610434247,843,6
Max Factor Dark Magic Instant Dramatic Volume Mascara Black,2.5,MF-MAS-DRK-MAG-BLK-6826,96166826,881,6
Max Factor Dark Magic Instant Dramatic Volume Mascara Black/Brown,2.75,MF-MAS-DRK-MAG-B/BRW-6840,96166840,808,6
Max Factor Facefinity All Day Matte Panstick Foundation 42 Ivory,2,MF-FND-PANSTK-42-IV-3413,3614228943413,394,6
Max Factor False Lash Epic Mascara Black,3.5,MF-MAS-EPIC-BLK-7215,96137215,164,6
Max Factor Masterpiece Lash Crown Mascara Black,2.5,MF-MAS-LSH-CRWN-BLK-5838,96145838,178,6
Max Factor Masterpiece Xpress Quick Dry Nail Polish 360 Pretty As Plum,1,MF-NP-MST-XPRS-360-PP-1858,3616301711858,155,12
Max Factor Masterpiece Xpress Quick Dry Nail Polish 855 Blue Me Away,1,MF-NP-MST-XPRS-855-BMA-1872,3616301711872,1200,12
Max Factor Miracle Touch Foundation 039 Rose Ivory,3,MF-FON-MIRACLE-039-RI-3476,3616300763476,187,6
Max Factor Miracle Touch Foundation 048 Golden Beige,3,MF-FON-MIRACLE-048-GB-2842,3614227962842,618,6
Max Factor Perfect Stay Gel Shine Nail Polish 001 White Snow Manicure,1.35,MF-NP-PRFT-001-WSM-8399,3614227918399,135,12
Max Factor Perfect Stay Gel Shine Nail Polish 101 Transparent,1.35,MF-NP-PRFT-101-TRANS-8429,3614227918429,172,12
Max Factor Perfect Stay Gel Shine Nail Polish 647 Creamy Rose,1.35,MF-NP-PRFT-647-CR-8580,3614227918580,257,12
Max Factor Rise & Shine Lift & Shine Mascara 002 Brown-Black,2.5,MF-MAS-RISE-002-BRW-BLK-5139,3614227905139,589,
Max Factor Voluptuous False Lash Effect Mascara Black,2.75,MF-MAS-VOLUPTS-BLK-1689,96121689,297,6
Max Factor Voluptuous False Lash Effect Mascara Black Brown,2.5,MF-MAS-VOLUPTS-BLK-BRW-1696,96121696,46,6
Maybelline Brow Precise Sharpenable Filling Pencil Deep Brown,1.5,MB-EYBRW-PEN-DB-3873,3600530803873,223,12
Maybelline Brow Precise Sharpenable Filling Pencil Soft Brown,1.5,MB-EYBRW-PEN-SB-3866,360030803866,1152,12
Maybelline Color Show 60 Seconds Nail Polish 301 Love This Sweater,0.55,MB-NP-CS-301-LTS-8028,30108028,1200,24
Maybelline Color Show 60 Seconds Nail Polish 77 Nebline,0.8,MB-NP-CS-77-N-1470,30101470,515,24
Maybelline Dream Radiant Liquid Foundation 05 Fair Porcelain,3.1,MB-FON-DRM-RAD-05-POR,3600531595401,1015,6
Maybelline Express Finish 40 Seconds Nail Polish 120 Sweet Rose,0.75,MB-NP-120-SR-0955,3600530200955,238,12
Maybelline Express Finish 40 Seconds Nail Polish 405 Pearly Pastel,0.75,MB-NP-405-PP-1044,3600530201044,384,12
Maybelline Express Finish 40 Seconds Nail Polish 505 Cherry,0.75,MB-NP-505-CHRY-1006,3600530201006,336,12
Maybelline Nudes In The City Eyeshadow Palette,2.25,MB-EYSH-CITY-NUDES-7805,3600531627805,1200,6
Maybelline Superstay 7 Days Gel Nail Polish 929 Nude Sunset,0.65,MB-NP-SS-929-NS-0255,3600531640255,1200,24
Maybelline Superstay 7 Days Gel Nail Polish 931 Brownstone,0.65,MB-NP-SS-931-B-0279,600531640279,1200,24
Maybelline The Falsies Lash Overnight Conditioning Mask,1.75,MB-MASK-FALS-8557,30178557,21,6
Nails INC.redible Intense Colour Lip Glaze Oh Hey There,1,NI-LP-00873,843060100873,35,6
NYX Dip Shape Go Longwear Brow Pomade 06 Brunette,3,NYX-DSGLB-06-BRUNTE-7285,800897197285,139,6
NYX Dip Shape Go Longwear Brow Pomade 08 Black,3,NYX-DSGLB-08-BLK-7308,800897197308,78,6
Rimmel London 60 Seconds Nail Polish 415 Instyle Coral,1.5,RIM-NP-415-IC,3607349654535,1200,12
Rimmel London 60 Seconds Super Shine Nail Polish 818 Gold Addiction,1,RIM-NP-818-GA-5808,3614224585808,36,12
Rimmel London 60 Seconds Super Shine Nail Polish 901 Darkest Desires,1.25,RIM-NP-SS-901-DD-6528,3614224076528,154,12
Rimmel London Volume Shake Mascara 003 Extreme Black - Carded,2,RIM-MAS-SHAKE-9921,3614222918981,49,6
Sally Hansen Color Therapy Argan Oil Top Coat Nail Polish 001,1.5,SAL-NP-THPY-001-4230,74170444230,18,6
Sally Hansen Complete Salon Manicure Nail Polish 538 Spirit Animal,1.25,SAL-NP-538-SA,74170458657,223,6
Sally Hansen Good Kind Pure Vegan Nail Polish 150 Mother Earth,1.25,SAL-NP-PURE-150-ME-7667,74170457667,98,6
Sally Hansen Good Kind Pure Vegan Nail Polish 151 Warm Cacao,1.25,SAL-NP-PURE-151-WC-2059,74170472059,341,6
Sally Hansen Good Kind Pure Vegan Nail Polish 160 Raw Cocoa,1.25,SAL-NP-PURE-160-RC-7674,74170457674,67,6
Sally Hansen Good Kind Pure Vegan Nail Polish 229 Rock Steady,1.25,SAL-NP-PURE-229-RS-2107,3616303242107,230,6
Sally Hansen Good Kind Pure Vegan Nail Polish 350 Soothing Slate,1.25,SAL-NP-PURE-350-SS-7865,74170457865,136,6
Sally Hansen Good Kind Pure Vegan Nail Polish 400 Lava Rocks,0.75,SAL-NP-PURE-400-LR-2852,74170462852,730,6
Sally Hansen Hard As Nails Hardener Clear,2,SAL-HRD-NL-CLR-0774,74170450774,1200,6
Sally Hansen Miracle Gel Nail Polish 627 Blue Skies Ahead,1.25,SAL-GEL-NP-627-BSA-6270,3616302736270,204,6
Sally Hansen Miracle Gel Nail Polish 777 Sunken Treasure,1.25,SAL-GEL-NP-777-ST-0079,74170470079,100,6
Sally Hansen Miracle Gel Neon Nail Polish 055 Lemon Chillo,1.25,SAL-GEL-NP-055-LC,3616302470839,68,6
Sally Hansen No More Stains Spray - On Base Coat,1.75,SL-SPRAY-BC-3645,74170453645,73,6
Sally Hansen Salon Pro Gel Nail Polish 130 Shell We Dance,1.5,SAL-GEL-NP-130-SWD-1554,74170401554,81,6
Bourjois 3D Effect Lip Gloss 03 Brun Rose Academic,1.75,BRJ-GLS-3D-03-BA-0302,3052503410302,1200,12
Bourjois Healthy Mix Powder 05 Sand,2.1,BRJ-PWD-HLT-05-6944,3616301036944,1200,6
Bourjois Reveal Eye Brow Gel 001 Clear Transparent,1.5,BRJ-BROW-GEL-001-CLR-7951,3616303397951,693,6
Essie Get It Bright Base Coat Nail Polish *No Box / No Barcode*,2,ESS-NP-BC-GIB-NOB,,81,12
Essie Matte About You Top Coat,3,ESS-NT-TPCT-1678,3600531511678,287,3
Essie Matte About You Top Coat *No Box / No Barcode*,2,ESS-NT-TPCT-NOB,,147,12
Essie Mini Nail Lacquer 13 Mademoiselle,0.75,ESS-NP-13-MM-0000,0,37,6
Essie Mini Nail Lacquer 99 Mint Candy Apple,0.75,ESS-NP-99-MCA-0000,0,24,6
Essie Nail Lacquer Nail Polish 252 Maximillian Strasse Her,2,ESS-NP-252-MMS-5010,30105010,11,6
Essie Nail Lacquer Nail Polish 399 Off Tropic,2,ESS-NP-399-9853,30159853,310,6
Essie Nail Lacquer Nail Polish 4 Pearly White,1.75,ESS-NP-4-PW-5069,30095069,1200,6
Essie Nail Lacquer Nail Polish 543 Perfect Mate,2,ESS-NP-543-PM-8022,30168022,18,6
Essie Nail Lacquer Nail Polish 604 Press Pause,2,ESS-NP-604- PP-2814,30142814,150,6
Essie Nail Lacquer Nail Polish 613 Penny Talk,2.25,ESS-NP-613-PT-2913,30172913,130,6
Essie Nail Lacquer Nail Polish 695 Friends Forever,2,ESS-NP-695-8847,30178847,189,6
Essie Nail Lacquer Nail Polish 747 Free To Roam,2,ESS-NP-747-FTR-7292,30167292,342,6
Essie Nail Lacquer Nail Polish 777 Zest Has Yet To Come,1.5,ESS-NP-777-ZHT- 9372,30159372,267,6
Essie Nail Lacquer Nail Polish 786 Air Spun Fun,2.25,ESS-NP-786-ASF-9013,30159013,125,6
Essie Nail Lacquer Nail Polish 79 Sand Tropez,2.25,ESS-NP-79-ST-5816,30095816,132,6
Essie Nail Lacquer Nail Polish 808 High Voltage Vinyl,1.5,ESS-NP-808-HVV-2143,30162143,115,6
Essie Nail Lacquer Nail Polish 809 My Happy Boss,1.5,ESS-NP-809-MHB-4703,30164703,21,6
Essie Nail Lacquer Nail Polish 811 Sound Check You Out,2.25,ESS-NP-811-SCYO-9594,30159594,28,6
Essie Nail Lacquer Nail Polish 812 Feelin Amped,1.5,ESS-NP-812-FA-2150,30162150,503,6
Essie Nail Lacquer Nail Polish 823 Willow In The Wind,1.65,ESS-NP-823-5498,30145498,299,6
Essie Nail Lacquer Nail Polish 843 Coconuts For You,2,ESS-NP-843-CFY-2854,30152854,195,7
Essie Nail Lacquer Nail Polish 847 Break It Sundown,2,ESS-NP-847-BIS-2861,30152861,284,6
Essie Nail Lacquer Nail Polish 858 Handmade With Love,1.6,ESS-NP-858-HWL-2892,30152892,125,6
Essie Quick-E Drying Drops Nail Polish,2.75,ESS-NP-DRYING-DROPS-1692,3600531511692,607,6
Essie Treat Love & Color Strengthener Nail Polish 70 Good Lighting,2.25,ESS-NP-70-GL-7057,30157057,233,12
L'Oreal Brow Artist Designer Eyebrow Pencil 301 Blonde,1.5,L-EY-BROW-301-BLND-3087,3600522203087,438,6
L'Oreal Color Riche Lipstick 125 Maison Marais,1.95,L-LP-BLK-125-MM-7476,3600524027476,353,6
L'Oreal Color Riche Nail Polish 110 Crystal,1.5,L-NP-110-CRYS-0594,30120594,444,6
L'Oreal Color Riche Nail Polish 112 Blanc De Lune,1,L-NP-112-BDL-0600,30120600,313,6
L'Oreal Color Riche Nail Polish 116 Cafe De Nuit,1.25,L-NP-116-CN-0624,30120624,346,12
L'Oreal Color Riche Nail Polish 222 Jardin Des Roses,1.25,L-NP-222-JR-0648,30120648,246,12
L'Oreal Color Riche Nail Polish 228 Rose Bouquet,1.25,L-NP-228-RB-2374,30142374,391,12
L'Oreal Color Riche Nail Polish 602 Perle De Jade,0.35,L-NP-SML-602-PJ-4154,30094154,116,12
L'Oreal Color Riche Nail Polish 671 Monsieur Bleu,1.25,L-NP-671-MB-3593,30143593,240,12
L'Oreal Color Riche Nail Polish 852 Pistachio Drage,0.25,L-NP-SML-852-PD-9674,30109674,175,24
L'Oreal Color Riche Nail Polish 866 Jumpsuit Couture,0.35,L-NP-SML-866-JC-2360,30112360,207,12
L'Oreal Color Riche Nail Polish 888 Mademoiselle Grey,0.35,L-NP-SML-888-MG-3466,30113466,207,12
L'Oreal Color Riche Nail Polish 961 Silky Fawn,0.3,L-NP-SML-961-SF-1803,30141803,46,24
L'Oreal Color Riche Nail Polish CP11 JLO's Pure Red,0.35,L-NP-SML-CP11-JLO-3244,30113244,118,12
L'Oreal Color Riche Nail Polish CP13 Liya's Pure Red,0.35,L-NP-SML-CP13-LPR-3282,30113282,20,12
L'Oreal Color Riche Nail Polish Doutzen's Pure Red,0.35,L-NP-SML-DPR-3190,30113190,27,12
L'Oreal Color Riche Nail Polish Eva's Pure Red,0.35,L-NP-SML-EPR-3206,30113206,56,12
L'Oreal Lash Paradise Limited Edition Love Liberte Mascara,3.75,L-PARA-MAS-LOVE-7490,3600524027490,214,4
L'Oreal Matte Signature Eyeliner 05 Burgundy,1.95,L-EY-MAT-05-BURNDY-5266,30175266,176,6
L'oreal Paris Infallible Matte Lip Caryon 108 Hot Apricot,1.6,LLP-MT-CARY-108-HA-3884,3600523793884,86,6
Max Factor Browfinity Longwear Eyebrow Tint 001 Soft Brown,1.9,MF-EYE-BROW-001-SB-5338,3616302485338,1200,6
Max Factor Color Elixir Lipstick 165 Bold Red,1.8,MF-LP-165-BR-5695,3614227915695,133,6
Max Factor Colour Elixir Soft Matte Lipstick 025 Raspberry Haze,2,MF-LP-ELIX-025-RH-5368,3616301265368,301,6
Max Factor Contouring Stick Eyeshadow Bronze Moon & Forest Green,2,MF-EYSH-STK-BMFG-1760,3614227961760,210,6
Max Factor Contouring Stick Eyeshadow Midnight Blue & Silver Storm,2,MF-EYSH-STK-MB-1746,3614227961746,881,6
Max Factor Contouring Stick Eyeshadow Pink Gold & Bronze Moon,2,MF-EYSH-STK-BM-1784,3614227961784,620,6
Max Factor Contouring Stick Eyeshadow Pink Sand & Burgundy,2,MF-EYSH-STK-PSB-1753,3614227961753,195,6
Max Factor Excess Shimmer Eyeshadow 05 Crystal,1.5,MF-EYSH-05-CRYSTAL-1629,96101629,206,6
Max Factor Facefinity All Day Matte Panstick Foundation 55 Beige,2,MF-FND-PANSTK-55-BEIGE-3307,3614228943307,72,6
Max Factor Facefinity All Day Matte Panstick Foundation 70 Warm Sand,2,MF-FND-PANSTK-70-WS-3352,3614228943352,454,6
Max Factor Gold Card Holder,0.75,MF-CARD-HOLDR-4373,3616300774373,876,12
Max Factor Kohl Eyeliner Pencil 040 Taupe,1,MF-KOHL-PEN-040-T-4165,50544165,1200,12
Max Factor Lipfinity Velvet Matte Lipstick 005 Matte Merlot,2,MF-LP-VELMAT-005-MM-9520,8005610629520,30,6
Max Factor Lipfinity Velvet Matte Lipstick 040 Luxe Nude,2,MF-LP-VELMAT-040-LN-9810,8005610629810,722,6
Max Factor Lipfinity Velvet Matte Lipstick 065 Vanity Brown,2,MF-LP-065-VB-7195,3614227147195,320,6
Max Factor Lipfinity Velvet Matte Lipstick 070 Vintage Caramel,2,MF-LIP-GLS-070-VN,3614227147201,43,6
Max Factor Make Up Bag Pouch,1,MF-POUCH-6252,4015400926252,1200,12
Max Factor Mono Masterpiece Mini Eyeshadow 02 Dreamy Aurora,0.85,MF-EYSH-MONO-02-DA-0254,3616302970254,1200,12
Max Factor Mono Masterpiece Mini Eyeshadow 03 Crystal Bark,1,MF-EYSH-MONO-03-CB-0186,3616302970186,635,12
Max Factor Mono Masterpiece Mini Eyeshadow 04 Magical Dusk,1,MF-EYSH-MONO-04-MD-0247,3616302970247,1162,12
Max Factor Mono Masterpiece Mini Eyeshadow 07 Sandy Haze,1,MF-EYSH-MONO-07-SH-0223,3616302970223,850,12
Max Factor Mono Masterpiece Mini Eyeshadow 08 Cryptic Rust,0.85,MF-EYSH-MONO-08-CR-0230,3616302970230,1134,12
Max Factor Mono Masterpiece Mini Eyeshadow 09 Rose Moonlight,0.85,MF-EYSH-MONO-09-RM-0209,3616302970209,1170,12
Max Factor Rose Gold Make Up Bag Pouch,1,MF-POUCH-RG,,1200,12
Max Factor Volume Infusion Mascara Black Brown,2.5,MF-MAS-VOL-INF-BLK-BRWN-0335,3614226290335,337,6
Maybelline Green Edition Superdrop Tinted Oil Foundation 10,3,MB-GRN-OIL-10-0223,3600531650223,207,3
Maybelline Green Edition Superdrop Tinted Oil Foundation 100,2.75,MB-GRN-OIL-100-0315,3600531650315,54,3
Maybelline Green Edition Superdrop Tinted Oil Foundation 30,3,MB-GRN-OIL-30-0247,3600531650247,179,3
Maybelline Green Edition Superdrop Tinted Oil Foundation 40,3,MB-GRN-OIL-40-0254,3600531650254,171,3
Maybelline Green Edition Superdrop Tinted Oil Foundation 60,2.85,MB-GRN-OIL-60-0278,3600531650278,38,3
Maybelline New York Super Stay Under Eye Concealer 05 Ivory,1.6,MB-CON-SUP-STAY-05-5525,30175525,634,12
Maybelline Superstay Full Coverage Concealer 30 Honey,1.3,MB-CON-SUP-STAY-30-HNY-5587,30175587,472,12
Maybelline Total Temptation Black Waterproof Mascara,2,MB-MAS-TOT-TEMP-BLK-WP,30167681,235,12
Rimmel London 60 Seconds Nail Polish 010 Chill Out,1.25,RIM-SGNP-010- CO-2376,30122376,188,6
Sally Hansen Miracle Gel Nail Polish 656 Swim Upstream,1.5,SAL-GEL-NP-656-SUP-1832,74170451832,17,6
Sally Hansen Miracle Gel Nail Polish 682 Like A Moss,1.25,SAL-MGNP-682-LAB-2678,74170462678,13,6
Sanctuary Spa Foaming Face Wash Triple Cleansing Mousse,1.5,SANC-FC-WASH-4920,5060420334920,180,6
Bourjois Le Petit Strober Highlighter Universal Glow,1.75,BRJ-HGHL-UNIV-4223,3614224874223,278,6
Covergirl Clean Fresh Skin Milk Foundation 610 Rich/Deep,1.25,CG-FON-610-DEEP-3465,3614227293465,240,6
Covergirl Clean Fresh Skin Milk Foundation 620 Deep,1.25,CG-FON-620-DEEP-3458,3614227293458,65,6
Covergirl Exhibitionist Liquid Eyeshadow 8 Moonlight,0.75,CG-EYSH-8-MOON-9695,3614228369695,18,6
Covergirl Melting Pout Vinyl Vow Liquid Lip Color 210 Kiss,0.75,CG-GLS-210-KK-0731,3614227660731,87,6
Covergirl Quads Palettes Eyeshadow 700 Notice Me Nudes,1,CG-EYSH-700-NMN-1935,46200001935,48,6
Covergirl Quads Palettes Eyeshadow 720 Blooming Blushes,1,CG-EYSH-720-BB-2086,46200002086,49,6
Covergirl Trublend Super Stunner Hyper Glow Highlighter 570 Pearl Crush,1.25,CG-HGLT-PEARL-8808,3614228938808,140,6
Dove Summer Revived Gradual Tanning Mousse Light To Medium,2.5,DOVE-TAN-SUM-LM-2769,8710847962769,258,6
Essie Nail Lacquer Nail Polish 492 Wild Nude,2.25,ESS-NP-492-WN-4970,30164970,160,6
Essie Nail Lacquer Nail Polish 768 Madrid It For The Gram,2.25,ESS-NP-768-MOG-9426,30159426,158,6
Essie Nail Lacquer Nail Polish 828 Love Note Worthy,2.25,ESS-NP-828-LNW-8062,30148062,48,6
Essie Nail Lacquer Nail Polish 835 Stretch Your Wings,2.25,ESS-NP-835-SYW-3233,30153233,42,6
Essie Nail Lacquer Nail Polish 848 Set The Tiki Bar High,2.25,ESS-NP-848-STTBH-5191,30145191,162,6
Essie Treat Love & Color Strengthener Nail Lacquer 08 Loving Hue,3,ESS-NP-08-LH-7170,30157170,117,3
Hawaiian Tropic Self Tanning Foam Dark,2.25,HAW-SPRY-TAN-DARK-3674,5099821113674,204,12
L'Oreal Age Perfect BB Cover Foundation 05 Medium Sand,3.25,L-AGE-FND-05-MS-3570,3600523863570,900,6
L'Oreal Color Riche Nail Polish 112 Blanc De Lune *See Description*,0.5,L-NP-112-BDL-0600-SCRH,30120600,122,24
L'Oreal Les Macarons Ultra Matte Liquid Lipstick 828 Framboise Frenzy,1.8,LLP-MT-LES-828-FF-9043,3600523729043,201,6
L'Oréal Paris Colorista Hair Makeup Silver Grey,0.8,L-HAIR-MAKEUP-SG-3739,3600523703739,125,6
L'Oreal Paris Superliner Mat Matic Eyeliner 01 Ultra Black,2.2,L-EY-MATIC-01-UB-4511,3600522434511,1200,12
L'Oreal Sublime Bronze Express Mist Self Tanning For Face,3,L-TAN-SUB-9311,3600521109311,960,6
"Malibu SPF 15 Sun Protection Lotion Spray, 200ml",2.4,MAL-LOTN-SPF15-SPRY-2317,5025135112317,144,6
Max Factor Brow Revival Densifying Mascara 003 Brown,1.8,MF-BRW-MAS-003-BRW-4896,3614227914896,1200,12
Max Factor Color Elixir Lip Liner 40 Pink Kiss,1.15,MF-LPLN-40-PK-3370,3616301893370,1200,12
Max Factor Color Elixir Lipstick 170 Sienna Scarlet,1.8,MF-LP-170-SS-5749,3614227915749,130,6
Max Factor Eyefinity All Day Eyeshadow 01 Lovely Rose,1.75,MF-EYSH-EYFINTY-01-LR-8785,3614229788785,42,6
Max Factor Eyefinity All Day Eyeshadow 02 Precious Gold,1.65,MF-EYSH-EYFINTY-02-PG-8792,3614229788792,305,6
Max Factor Facefinity All Day Flawless 3 IN 1 Foundation 102 Chocolate,2.55,MF-FND-FF-102-CHOC-4406,3614227924406,198,6
Max Factor Facefinity All Day Flawless 3 IN 1 Foundation 93 Mocha,2.55,MF-FND-FF-93-MOCHA-4208,3614227924208,552,6
Max Factor Facefinity Lasting Performance Liquid Foundation 111 Deep Beige,3.2,MF-FND-LST-111-DB-7546,50637546,825,6
Max Factor Facefinity Lasting Performance Liquid Foundation 130 Mahogany,1.75,MF-FND-LST-130-MH-4607,3616301254607,74,6
Max Factor Facefinity Lasting Performance Liquid Foundation 140 Cocoa,1.5,MF-FND-LST-140-CC-4614,3616301254614,101,6
Max Factor Facefinity Lasting Performance Liquid Foundation 150 Espresso,1.75,MF-FND-LST-150-ESP-4621,3616301254621,42,6
Max Factor Masterpiece High Precision Liquid Eyeliner 10 Chocolate,2.2,MF-EY-10-CHOCO-3925,4015400903925,814,6
Max Factor Masterpiece High Precision Liquid Eyeliner 15 Charcoal,1.75,MF-EY-15-CHRL-3963,4015400903963,1200,6
Max Factor Miracle Pure 24 Hydration Concealer 06,2,MF-CON-PURE-06-1628,3616303251628,149,6
Max Factor Miracle Pure 24 Hydration Concealer 07,2,MF-CON-PURE-07-1604,3616303251604,315,6
Max Factor Miracle Pure Plant Based & Vegan Strengthener,1.85,MF-MIR-PURE-N/CARE-3300,3616303403300,1200,6
Max Factor Miracle Second Skin Hydrating Foundation 11 Tan Deep,2.25,MF-FND-11-TAN-DEEP-4758,3614229764758,114,6
Max Factor Miracle Second Skin Hydrating Foundation 13 Deep,2,MF-FND-13-DEEP-4789,3614229764789,330,6
Maybelline Baby Lips Balm & Blush 02 Flirty Pink,0.75,MB-BABY-LIPS-BLS-02-FP,30119147,470,12
Maybelline Color Sensational Eyeshadow 105 Royal Blue,0.9,MB-EYSHW-105-RB-1735,30141735,961,12
Maybelline Color Sensational Eyeshadow 125 Night Sky,1.2,MB-EYSHW-125-NS-1773,30141773,1200,12
Maybelline Color Sensational Eyeshadow 2 Nudist,1,MB-EYSHW-2-N-1544,30141544,696,12
Maybelline Color Sensational Eyeshadow 55 Rockstar,0.8,MB-EYSHW-55-RS-1636,30141636,1200,12
Maybelline Color Sensational Eyeshadow 95 Pure Teal,1,MB-EYSHW-95-PT-1711,30141711,205,12
Maybelline Color Sensational Lipstick 625 Iced Caramel,1.5,MB-LP-625-IC-9862,3600530559862,53,6
Maybelline Color Sensational Shaping Lip Liner 96 Plum Passion,1.75,MB-LPLN-96-PP,3600531496272,118,6
Maybelline Color Show 60 Seconds Nail Polish 661 Ocean Blue,0.55,MB-NP-CS-661-OB,30097018,1200,24
Maybelline Dream Cushion Liquid Foundation 10 Ivory,2.25,MB-CUS-PW-10-IV-9935,3600531359935,500,6
Maybelline Dream Cushion Liquid Foundation 30 Sand,2,MB-CUS-PW-30-SAND-9973,3600531359973,606,6
Maybelline Dream Radiant Liquid Foundation 23 True Beige,3,MB-DRM-FND-23-TB-5926,3600531225926,444,6
Maybelline Dream Satin Mist Setting Spray 62ml,2,MB-DRM-SATIN-MIST-1055,3600531491055,1200,6
Maybelline Dream Urban Cover Foundation 122 Creamy Beige,2.75,MB-FND-DRM-122-CB-4316,3600531554316,54,6
"Maybelline Fit Me Foundation Matte & Poreless With Clay 220 Natural Beige, 18ml",1.25,MB-FON-220-NB-4127,6902395794127,527,6
"Maybelline Fit Me Foundation Matte & Poreless With Clay 330 Toffee, 18ml",1.25,MB-FON-330-TOFF-4134,6902395794134,232,6
"Maybelline Fit Me Foundation Matte & Poreless With Clay 332 Golden Caramel, 18ml",1.25,MB-FON-332-GC-4141,6902395794141,168,6
"Maybelline Fit Me Foundation Matte & Poreless With Clay 350 Caramel, 18ml",1.25,MB-FON-350-CRML-4165,6902395794165,253,6
"Maybelline Fit Me Foundation Matte & Poreless With Clay 356 Warm Coconut, 18ml",1,MB-FON-356-WC-4172,6902395794172,230,6
"Maybelline Fit Me Foundation Matte & Poreless With Clay 359 Nutmeg, 18ml",1,MB-FON-359-NM-4189,6902395794189,110,6
"Maybelline Fit Me Foundation Matte & Poreless With Clay 360 Mocha, 18ml",1,MB-FON-360-M-4196,6902395794196,237,6
Maybelline Lasting Drama Carbon Matte Eyeliner 800 Carbon Black,2,MB-EYE-CARBN-800-CB-9132,3600531509132,158,12
Maybelline Lasting Drama Carbon Matte Eyeliner 810 Iron Gray,1.25,MB-EYE-CARBN-810-IG-9156,3600531509156,593,12
Maybelline Lasting Drama Carbon Matte Eyeliner 850 Teal Amazonite,0.75,MB-EYE-CARBN-850-TA-9194,3600531509194,324,12
Maybelline Line Refine Expression Kajal 37 Green,1,MB-KAJAL-EXPR-37-GREEN-3705,4084200653705,455,12
Maybelline Line Refine Expression Kajal 40 Silver Gray,0.85,MB-EYE-40-SG-4009,4084200654009,1200,12
Maybelline Master Precise Curvitude Eyeliner Black,1.5,MB-EYE-CURV-BLK-0929,30140929,95,12
Maybelline Matte Maker Mattifying Powder 10 Classic Ivory,2.1,MB-PWD-MM-10-CI-8169,3600530968169,974,6
Maybelline Matte Maker Mattifying Powder 20 Nude Powder,2.1,MB-PWD-MM-20-NB-8176,3600530968176,1090,6
Maybelline Matte Maker Mattifying Powder 30 Natural Beige,2.1,MB-PWD-MM-30-NB-8183,3600530968183,696,6
Maybelline Superstay 16HR Powder Foundation 52 Honey,2.15,MB-PWF-16H-52-HNY-9099,3600531639099,94,6
Maybelline The City Kits Pink Edge Eye & Cheek Palette,3.25,MB-EYPLT-PINK-EDGE,3600531434632,286,6
Maybelline The Colossal Platinum Black Mascara 03 Platinum Black,3,MB-MAS-COLO-03-PLAT-4955,30174955,48,6
Revlon Colorstay Satin Ink Lipstick 015 Barcelona Nights,1.5,REV-LP-SAT-INK-015-BN-9076,309975749076,102,6
Revlon Colorstay Satin Ink Lipstick 025 Cannes Crush,1.5,REV-LP-SAT-INK-025-CC-9052,309975749052,158,6
Revlon Colorstay Satin Ink Lipstick 050 London Posh,1.5,REV-LP-SAT-INK-050-LP-9120,309975749120,90,6
Rimmel Fresher Skin Foundation 503 Mocha,1.5,RIM-FON-503-MCH,3614222753896,11,3
Rimmel London 60 Seconds Super Shine Nail Polish 406 Coral Blush,1.25,RIM-NP-SS-406-5747,3614224585747,1200,12
Rimmel London Insta Fix & Go 2 In 1 Primer & Setting Spray,2.5,RIM-2IN1-INSTA-SPRY-0399,3614222900399,255,12
Rimmel London Lasting Finish 25HR Skin Perfecting Foundation 170 Wheat,3,RIM-25H-FON-170-WHT-6023,3616301236023,246,6
Rimmel London Lasting Finish 25HR Skin Perfecting Foundation 210 Golden Beige,3,RIM-25H-FON-210-GB-6030,3616301236030,689,6
Rimmel London Lasting Finish 25HR Skin Perfecting Foundation 302 Warm Olive,2.75,RIM-25H-FON-302-WO-6047,3616301236047,30,6
Rimmel London Lasting Finish Lipstick 905 Iced Rose,1.75,RIM-LP-905-IR-8003,3616302468003,141,12
Rimmel Wonder Proof 24hr Waterproof Color Eyeliner 003 Precious Emerald,1.25,RIM-EY-WOND-003-PE-8347,3614226518347,145,12
Rimmel Wonder Proof 24hr Waterproof Color Eyeliner 005 Pure Blue,1.25,RIM-EY-WOND-005-BLUE,3614226518361,325,12
Sally Hansen Hard As Nails Strength Serum,2.25,SAL-HRD-NAIL-SRM-8374,74170458374,466,6
Sanctuary Spa Face Cream SPF 15 Illuminating Moisturiser Lotion 15ml,1,SANC-ILUM-LTON-0472,5060420330472,1200,12
Bourjois Contour Clubbing Waterproof Eyeliner 54 Ultra Black,1.75,BRJ-EY-54-UB-5403,3052503825403,1148,12
Bourjois Gloss Fabuleux Lip Gloss 02 Golden Girl,2,BRJ-LIP-GLS-02-GG-2474,3616301182474,121,6
Bourjois Healthy Mix Foundation 50 Rose Ivory,4,BRJ-FON-50-RI-8493,3614223218493,350,6
Bourjois Healthy Mix Foundation 52 Vanilla,4,BRJ-FON-52-VANILA,3614222986065,300,6
Bourjois Rouge Fabuleux Lipstick 03 Bohemain Raspberry,1.5,BRJ-LP-RF-03-BR-5370,3614225975370,952,6
Bourjois Rouge Fabuleux Lipstick 08 Once Upon A Pink,1.5,BRJ-LP-RF-08-QUAP-5424,3614225975424,1033,6
Bourjois Silk Edition Compact Powder 54 Rose Beige,2.5,BRJ-PWD-SILK-54-RB-5403,3052503685403,1176,6
Essie Expressie Quick Dry Nail Polish 411 Leveled Up,1.5,ESS-EXP-QDRY-411-LUP-6806,30166806,152,6
Essie Expressie Quick Dry Nail Polish 415 Take Controller,1.5,ESS-EXP-QDRY-415-TC-6745,30166745,301,6
Essie Expressie Quick Dry Nail Polish 455 Holo Fliter,1.5,ESS-EXP-QDRY-455-HF-5238,30145238,181,6
Essie Nail Lacquer Nail Polish 42 Angora Cardi,2.25,ESS-NP-42-AC-5441,30095441,96,6
Essie Nail Lacquer Nail Polish 619 Teacup Half Full,2.25,ESS-NP-619-THF-3866,30173866,72,6
Essie Nail Lacquer Nail Polish 774 Get Your Grove On,1.75,ESS-NP-774-GYG-7056,301667056,13,6
Essie Nail Lacquer Nail Polish 794 Doubles Trouble,1.5,ESS-NP-794-DT-1092,30161092,132,6
Essie Nail Lacquer Nail Polish 802 Bedazzle Me,2.25,ESS-NP-802-BM-4253,30164253,42,6
Essie Nail Lacquer Nail Polish 803 Gatsbee's Knees,1.5,ESS-NP-803-GK-6813,30166813,186,6
Essie Nail Lacquer Nail Polish 805 All You Ever Beaded,1.5,ESS-NP-805-AEB-4697,30164697,96,6
Essie Nail Lacquer Nail Polish 813 All Dolled Up,2.25,ESS-NP-813-ADU-6820,30166820,94,6
Essie Nail Lacquer Nail Polish 816 Don't Kid Yourself,2.25,ESS-NP-816-DKY-4277,30164277,96,6
Essie Nail Lacquer Nail Polish 818 Glee For All,2,ESS-NP-818-GFA-1924,30161924,96,6
Essie Nail Lacquer Nail Polish 819 Boatloads Of Love,1.75,ESS-NP-819-BOL-5481,30145481,96,6
Essie Nail Lacquer Nail Polish 844 Isle See You Later,2.25,ESS-NP-844-ISY-5184,30145184,48,6
Essie Nail Lacquer Nail Polish 852 Blooming Friendships,2.25,ESS-NP-852-BF-5207,30145207,90,6
Essie Nail Lacquer Nail Polish 856 Piece Of Work,1.5,ESS-NP-856-POW-7775,30147775,113,6
Essie Nail Lacquer Nail Polish 863 Force Of Nature,1.75,ESS-NP-863-FON-7393,30147393,226,6
Essie Nail Lacquer Nail Polish 870 You're A Natural,1.5,ESS-NP-870-YN-4828,30144828,111,6
Expressie Quick Dry Nail Polish 413 Beat The Clock,1.5,ESS-EXP-QDRY-413-BTC-4307,30164307,276,6
L'Oreal Color Riche Lipstick  Limited Edition 01 Hoilday Ensemble,2.25,LLP-01-HE-1594,3600523991594,81,6
L'Oreal Color Riche Matte Lipstick 908 Storm,1,LLP-BLK-908-STRM,3600523584802,84,6
L'Oreal Color Riche Nail Polish 220 Diamond Apres-Midi,1.25,L-NP-220-DAM-0631,30120631,222,12
L'Oreal Color Riche Nail Polish 224 Rose Ballet,1.25,L-NP-224-RB-0655,30120655,321,12
L'Oreal Color Riche Nail Polish 227 Je T'Aime,1.25,L-NP-227-JETA-3579,30143579,278,12
L'Oreal Color Riche Nail Polish 556 Grenat Irreverent,1,L-NP-556-GI-0761,30120761,469,12
L'Oreal Color Riche Nail Polish 660 L'or,1.25,L-NP-660-LOR-0778,30120778,322,12
L'Oreal Color Riche Nail Polish 664 Greige Amoureux,1.25,L-NP-664-GA-0792,30120792,184,12
L'Oreal Color Riche Shine Lipstick 108 Wild Fig Plump,1.5,LLP-CLR-108-WFP-0448,3600523700448,1062,12
L'oreal Infaillible Longwear Lip Liner 107 Dark River,1,L-LPLN-107-DR,3600523485598,329,6
L'Oreal Infaillible Longwear Shaping Foundation Stick 250 Ebony,2,L-FND-STK-250-EBNY-7900,3600523677900,270,6
L'Oreal Infallible 24HR Matte Cover Foundation 130 True Beige,3.5,L-INF-FND-130-TB-3731,3600523783731,174,6
L'Oreal Matte Signature Eyeliner 11 Navy,1.65,L-EY-MAT-11-NAVY-4758,30164758,69,12
L'Oreal Paris Rouge Signature Matte Liquid Lipstick 139 Adored,1.25,L-MT-GLS-139-AR-9787,3600523799787,955,6
L'Oreal Paris Superliner Tattoo Signature Liquid Eyeliner Extra Black,2,L-EY-TATOO-EB-0830,3600523530830,157,12
L'Oreal True Match Nude Tinted Serum 10-12 Very Deep,2,L-TM-SERUM-VD-9973,3600523989973,240,12
L'Oreal True Match Nude Tinted Serum 8-10 Deep,2,L-TM-SERUM-DEEP-9966,3600523989966,84,12
Max Factor Eyefinity All Day Eyeshadow 08 Soft Chestnut,1.5,MF-EYSH-EYFINTY-08-SC-8808,3614229788808,117,6
Max Factor Miracle Touch Foundation 047 Vanilla,3.5,MF-FON-MIRACLE-047-V-0001,3616301290001,365,6
Maybelline Color Sensational Lip Liner 150 Stellar Pink,0.9,MB-LPLN-150-SP-5442,3600530575442,586,12
Maybelline Color Show 60 Seconds Nail Polish 352 Downtown Red,0.8,MB-NP-CS-352-DR-7056,30097056,870,24
Maybelline Dream Cushion Liquid Foundation 48 Sun Beige,3.25,MB-CUS-PW-48-SB-9997,3600531359997,1200,6
Maybelline Dream Matte Mousse Make Up Foundation + Primer 51 Caramel Beige,3,MB-DRM-FNPR-51-CB-9735,3600531379735,762,6
Maybelline Dream Radiant Liquid Foundation 02 Fair Beige,3.25,MB-FON-DRM-RAD-02-FB-8058,3600531388058,756,6
Maybelline Line Refine Expression Kajal 33 Black,1.5,MB-EYE-33-BLK-3309,4084200653309,1073,12
Maybelline Superstay 7 Days Gel Nail Polish 06 Deep Red,1.25,MB-NP-06-DR,3600530124848,1038,12
NYX Butter Lip Gloss 48 Cinnamon Roll,2,NYX-BLG48-CR-4932,800897024932,140,6
NYX HD Studio Photogenic Concealer Wand 05 Medium,3,NYX-CW05-MED-3314,800897123314,157,6
NYX HD Studio Photogenic Concealer Wand 08 Nutmeg,3,NYX-CW08-NM-3345,800897123345,114,6
NYX HD Studio Photogenic Concealer Wand 12 Green,3,NYX-CW12-GRN-3383,800897123383,90,6
NYX Lingerie Lip Gloss 02 Embellishment,2.5,NYX-LIPLI02-EMB-8293,800897848293,75,6
NYX Lingerie Lip Gloss 08 Bedtime Flirt,2,NYX-LIPLI08-BF-8354,800897848354,399,6
NYX Lingerie Lip Gloss 18 Cashmere Silk,2.5,NYX-LIPLI18-CS-7921,800897077921,34,6
NYX Lingerie Lip Gloss 20 French Maid,2.5,NYX-LIPLI20-FM-7945,800897077945,35,6
NYX Shout Loud Stain Lipstick 10 Day Club,3,NYX-SLSL10-DC-8145,800897198145,131,6
NYX Shout Loud Stain Lipstick 11 Red Haute,3,NYX-SLSL11-RH-8152,800897198152,43,6
NYX Shout Loud Stain Lipstick 17 Everyone Lies,3,NYX-SLSL17-EL-8213,800897198213,84,6
NYX Slide On Lip Pencil Lip Liner 02 Bedrose,1.75,NYX-SLLP02-BR-9413,800897839413,67,12
NYX Slide On Lip Pencil Lip Liner 05 Rosy Sunset,1.75,NYX-SLLP05-RS-9444,800897839444,27,12
NYX Slide On Lip Pencil Lip Liner 06 Nebula,1.75,NYX-SLLP06-NBLA-9451,800897839451,268,12
NYX Slide On Lip Pencil Lip Liner 09 Summer Tease,1.75,NYX-SLLP39-ST-9482,800897839482,53,12
NYX Slide On Lip Pencil Lip Liner 12 Red Tape,1.75,NYX-SLLP12-RT-9512,800897839512,51,12
NYX Slide On Lip Pencil Lip Liner 16 Need Me,1.75,NYX-SLLP16-NM-2261,800897072261,85,12
NYX Slide On Lip Pencil Lip Liner 21 Cheeky,1.75,NYX-SLLP21-CHKY-2315,800897072315,11,12
NYX Slide On Lip Pencil Lip Liner 22 Revolution,1.75,NYX-SLLP22-REV-2322,800897072322,259,12
NYX Slide On Lip Pencil Lip Liner 24 Knock Em Red,1.75,NYX-SLLP24-KMR-2346,800897072346,490,12
NYX Suede Matte Lip Liner 12 Vintage,2,NYX-SMLL12-V-4228,800897064228,62,6
NYX Tame & Frame Tined Brow Pomade 01 Blonde,3,NYX-TFBP01-BLND-6658,800897836658,20,6
NYX Ultimate Shadow & Liner Primer Deep,2.5,NYX-USLPR04-DEEP-3531,800897003531,54,6
Rimmel London 60 Seconds Super Shine Nail Polish 711 Xposed,1.25,RIM-NP-711-XPOSD-1214,3614228081214,456,12
Rimmel London 60 Seconds Super Shine Nail Polish 831 Oh My Gold,1,RIM-NP-SS-831-OMG-1012,3614227721012,209,12
Rimmel London Love Glitter Top Coat 033 Tinsel Toes,1.25,RIM-NP-033-TT-1282,3614221201282,32,12
Rimmel London Magnif'Eyes Eyeshadow Palette 005 Spice Edition,3.1,RIM-EYES-005-SPICE-3840,3614225973840,159,6
Rimmel London Wonder Swipe 2-In-1 Eyeliner To Shadow 006 My Bae,0.75,RIM-EY-SWIPE-006-MB-0482,3614227700482,123,12
Rimmel Wonder Proof 24hr Waterproof Color Eyeliner 001 True Copper,1,RIM-EY-WOND-001-TC-8323,3614226518323,48,12
Sally Hansen Color Therapy Beautifiers Argan Oil Nail & Cuticle Oil 005,1.5,SAL-NP-THPY-005-CT-OIL-4247,74170444247,146,6
Sally Hansen Hard As Nails Xtreme Wear Nail Polish 366 Fanta Seas,1,SAL-NP-XTRM-366-FS-1169,74170461169,108,12
Sally Hansen Hard As Nails Xtreme Wear Nail Polish 630 Knighttime,1,SAL-NP-XTRM-630-KNGT-1251,74170461251,120,12
Sally Hansen Miracle Gel Nail Polish 890 True Beauty Comes From Within,1,SAL-GEL-NP-890-TBC-3021,3616304453021,192,6
Sally Hansen Miracle Gel Nail Polish 910 Gingerbread,1,SAL-GEL-NP-910-GGB-1336,3616303961336,148,6
"Sally Hansen Miracle Gel Nail Polish 912 Me, My Elf & I",1,SAL-GEL-NP-912-MMI-1343,3616303961343,69,6
Sally Hansen Miracle Gel Neon Nail Polish 882 Worth Melting For,1,SAL-GEL-NP-882-WM-5209,3616303915209,354,6
Sally Hansen Nail Shaper Pack Of 12,12,12 X SAL-NAIL-FILER,75280025449,17,1
Barry M Bold Waterproof Eyeliner 14 Brown,1,BM-EYLN-BROWN-0646,5019301160646,132,12
Barry M Lip Liner Pencil Coral,1,BM-LPLN-CORAL-0140,5019301170140,180,12
Barry M Sanitiser Proof Top Coat Nail Paint,1,BM-NP-SPTC-4008,5019301034008,138,6
Bourjois 1 Second Nail Polish 03 Top Coat,1.5,BRJ-NP-03-TPCT-0985,3614225810985,72,6
Bourjois Always Fabulous Foundation & Concealer Stick With Blender 410 Golden Beige,1.75,BRJ-ALW-FBL-410-GB,3614227786370,279,6
Bourjois Contour Clubbing Waterproof Eyeliner 72 Up To Blue,1.5,BRJ-EY-72-UTB-1280,3616300771280,504,12
Bourjois Rouge Edition Velvet Liquid Lipstick 14 Plum Plum Girl,1.5,BRJ-LP-ROUG-14-PPG-1416,3052503261416,540,12
Bourjois Rouge Edition Velvet Liquid Lipstick 18 It's Redding Men,1.5,BRJ-LP-ROUG-18-IRM-1812,3052503261812,457,12
Bourjois Rouge Edition Velvet Liquid Lipstick 21 Saperliprunette,1.5,BRJ-LP-ROUG-21-S-1643,3614224241643,540,12
Bourjois Rouge Edition Velvet Liquid Lipstick 30 Oranginal,1.5,BRJ-LP-ROUG-30-ORG-3922,3614224843922,415,12
Bourjois Volume Glamour Coup De Theatre Eyeshadow Palette 02 Cheeky Look,2.85,BRJ-EYSH-VOL-02-CL-7372,3616302467372,99,6
Essie Expressie Quick Dry Nail Polish 250 Mic Drop-It-Low,1.75,ESS-EXP-250-MD-7345,30177345,332,6
L'Oreal Color Riche Lip Liner Couture 461 Scarlet Rouge,0.95,L-LLN-461-SCR-ROG,3600522860815,453,12
L'Oreal Color Riche Nail Polish 116 Cafe De Nuit *See Description*,0.5,L-NP-116-CLEARANCE,30120624,60,12
L'Oreal Color Riche Nail Polish 228 Rose Bouquet *See Description*,0.5,L-NP-228-CLEARANCE,30142374,48,12
L'Oreal Color Riche Nail Polish 674 Noir Noir *See Description*,0.5,L-NP-674-BLK-SD,30142343,36,12
L'Oreal Infaillible 24HR Fresh Wear Foundation 380 Expresso,1.75,L-FON-380-EXP-7908,3600523527908,61,6
L'Oreal Infaillible 24HR Matte Cover Foundation 370 Moka,2,L-INF-FND-370-MOKA-4547,3600523784547,57,6
L'Oreal Infaillible 24HR Matte Cover Foundation 385 Cocoa,2,L-INF-FND-385-COCOA-4554,3600523784554,192,6
L'oreal Paris Age Perfect Lip Liner Definition 706 Perfect Burgundy,1.2,L-LPLN-706-PB-1603,3600523341603,585,12
L'oreal Paris Air Volume 30H Mega Mascara Black,5,L-MAS-30H-BLK-0903,30160903,53,6
L'oreal Paris Magic Retouch Instant Concealer Mascara Blonde,2,L-CON-MAGIC-BLND-4314,3600523654314,1200,6
L'Oreal Paris Rouge Signature Matte Liquid Lipstick 138 Honored,1.5,L-MT-GLS-138-HON,3600523799794,21,6
L'Oreal Shake & Glow Luminous Setting Spray,2.85,L-SPRY-GLOW-5979,3600523705979,1916,6
L'Oreal True Match Perfecting Concealer 8.D/W Caramel Toffee,1.5,L-TM-CON-8.D/W,3600523500277,364,12
Max Factor 2000 Calorie Curl Addict Mascara Black,1.8,MF-MAS-2000-CURL-BLK-7512,96137512,949,12
Max Factor Facefinity All Day Flawless 3 IN 1 Foundation C30 Porcelain,3,MF-FND-FF-C30-POR-1544,3614225851544,239,6
Max Factor Facefinity All Day Flawless 3 IN 1 Foundation W100 Cocoa,1.25,MF-FND-FF-W100-CC-1728,3614225851728,68,6
Max Factor Facefinity All Day Flawless 3 IN 1 Foundation W62 Warm Beige,3,MF-FND-FF-W62-WB-3409,3614227923409,17,6
Max Factor Facefinity Compact Powder Foundation 033 Crystal Beige,2.25,MF-FACENITY-033-CB-5271,8005610545271,1200,6
Max Factor Lipfinity Lipstick Palette 04 Reds,1,MF-LP-FN-04-REDS-9670,8005610669670,147,6
Max Factor Miracle Pure Skin Improving Foundation 30 Porcelain,3.25,MF-MPURE-FND-30-POR-8727,3616302638727,950,6
Maybelline Brow Precise Eyebrow Shaping Pencil Dark Blond,1.25,MB-BRW-SHAPE-DB-3859,3600530803859,374,12
Maybelline Color Sensational Shaping Lip Liner 57 Stripped Rose,1.25,MB-LP-LN-57-STRP-3180,3600531553180,422,12
Maybelline Color Sensational The Cream Lipstick 111 Double Shot,1.05,MB-LP-111-DS-9455,3600531589455,569,6
Maybelline Color Show 60 Seconds Nail Polish 20 Blush Berry,0.6,MB-NP-CS-20-BB-7301,30137301,378,12
Maybelline Color Tattoo 24HR Eyeshadow 190 Risk Maker,1.35,MB-EYSHW-190-1503,3600531581503,820,12
Maybelline Dream Cushion Liquid Foundation 01 Natural Ivory,2.25,MB-CUS-PW-01-NI-9843,3600531359843,576,6
Maybelline Express Manicure Instant Smoothing Care Nail Polish,0.85,MB-NP-MANI-EXP-0868,30070868,1200,12
Maybelline Express Manicure Nail Polish 16 Petal,1,MB-NP-MANI-EXP-16-PET-0967,30070967,226,12
Maybelline Fit Me Foundation Matte & Poreless 230 Natural Buff,2.25,MB-FON-FTME-230-NB-4568,3600531324568,486,6
Maybelline Fit Me Foundation Matte & Poreless 242 Light Honey,2.25,MB-FON-FTME-242-LH-3466,3600531453466,48,6
Maybelline Fit Me Foundation Matte & Poreless 330 Toffee Caramel Dore,2.25,MB-FON-FTME-330-TCD-9072,3600531359072,144,6
Maybelline Fit Me Foundation Matte & Poreless 364 Deep Bronze,2,MB-FON-FTME-364-DB-3411,3600531453411,168,6
Maybelline Lasting Drama Gel Automatic Eyeliner 24HR Crushed Emerald,1,MB-EY-GEL24H-CE-6103,3600531196103,1200,12
Maybelline Lasting Drama Pencil Khol Eyeliner Dark Brown,1.5,MB-EY-LAS-DRM-DB-9401,3600530729401,277,12
Maybelline Line Refine Expression Kajal Assorted Pack *See Description*,0.5,MB-KAJAL-EXPR-ASS-200,,200,200
Maybelline The City Kits Urban Light Eye & Cheek Palette,2.5,MB-EYPLT-URBAN-LGHT,3600531434625,469,6
Maybelline Vivid Matte Lipstick 42 Orchid Shock,0.75,MB-VIV-MT-GLS-42,3600531414641,760,24
NYX Bare With Me Concealer Serum 12 Rich,3,NYX-BWMCCS12-RICH-9873,800897129873,43,6
NYX Fill & Fluff Eyebrow Pomade Pencil 03 Auburn,3,NYX-BROW-FFEP03-AUBR-8836,800897188030,49,6
NYX Jumbo Caryon Eye Pencil 635 Sherbet,1.75,NYX-JEP-635-SHERBET-9546,800897119546,42,6
NYX Jumbo Caryon Eye Pencil 641 Blueberry Pop,1.75,NYX-JEP-641-BB-9607,800897119607,29,6
NYX Makeup Holographic Halo Micro Highlighting Brush,1.5,NYX-HHSB07-8836,800897148836,25,6
NYX Slide On Lip Pencil Lip Liner 10 Sweet Pink,1.75,NYX-SLLP10-SP-9499,800897839499,60,6
NYX Soft Matte Lip Cream Lipstick 01 Amsterdam,2.5,NYX-SMLC-01-AMD-2827,800897142827,47,6
NYX Suede Matte Lip Liner 33 London,1.75,NYX-SMLL33-LONDON-4433,800897064433,39,6
NYX Ultimate Edit Petite Shadow Palette 01 Warm Neutrals *See Description*,2.25,NYX-EYSH-ULMT-01-WN-2571,800897182571,31,6
Rimmel 60 Seconds Nail Polish 210 Ethereal,1.25,RIM-NP-210-ETH,3661163955834,104,12
Rimmel Lasting Finish 25HR Skin Perfecting Foundation 050 Fair Porcelain,3,RIM-25H-FON-050-FP-5989,3616301235989,1200,6
Rimmel Lasting Finish Caryon Lipliner 505 Red Dynamite,1.25,RIM-LPLN-CARY-505-RD-7082,3616301237082,326,12
Rimmel Lasting Radiance SPF25 Anti Pollution Foundation 500 Noisette,1.5,RIM-FND-500-3729,3614226493729,12,12
Rimmel London 60 Seconds Nail Polish 810 Grungy Grey,1.25,RIM-NP-810-GG-5214,3616301265214,113,12
Rimmel London 60 Seconds Super Shine Nail Polish 323 Funtime Fuchsia,1.25,RIM-NP-SS-323-FF-6896,3614220616896,1018,12
Rimmel London 60 Seconds Super Shine Nail Polish 730 Silver Bullet,1.25,RIM-NP-SS-730-SB-7176,3614220617176,579,12
Rimmel London Glitter Nail Polish Top Coat 001 Diamond Dust,1.25,RIM-NP-GLT-001-DD,3607342596184,252,12
Rimmel London Kind & Free Clean Eye Definer 001 Pitch,2,RIM-EYLN-KF-001-PB-6055,3616303996055,385,6
Rimmel London Kind & Free Natural Finish Pressed Powder 040 Tan,2.5,RIM-PWD-K&F-040-TAN-9928,3616302989928,118,6
Rimmel London Lasting Finish 25HR Full Coverage Foundation 510 Cinnamon,1.75,RIM-FON-25HR-510-CIN-6085,3616301236085,116,6
Rimmel London Lasting Finish Buildable Coverage Foundation Powder 010 Latte,2.75,RIM-FND-PWD-010-LATTE-1291,3616303011291,39,6
Rimmel London Lasting Finish Exaggerate Automatic Lip Liner 024 Red Diva,1.35,RIM-LPLN-024-RD-4422,3616303004422,693,12
Rimmel London Magnif'Eyes Mono Eyeshadow 005 Superstar Sparkle,1.5,RIM-EYSH-MONO-005-SS-0761,3614220950761,448,6
Rimmel London Super Gel Nail Polish 012 Soul Session,1.5,RIM-SGNP-012-SS-1096,30121096,66,12
Rimmel London Wonder Cloud All Day Soft Liquid Eyeshadow 002 Foggy Beige,1.25,RIM-EYSH-002-FB-6770,3616301246770,1200,12
Rimmel London Wonder Cloud All Day Soft Liquid Eyeshadow 004 Spiced Petal,1.25,RIM-EYSH-004-SP-6725,3616301246725,740,6
Rimmel London Wonder Cloud All Day Soft Liquid Eyeshadow 005 Chilled Peach,1.25,RIM-EYSH-005-CP-6794,3616301246794,1200,12
Rimmel London Wonder Swipe 2-In-1 Eyeliner To Shadow 001 Slay,1.2,RIM-EY-SWIPE-001-S-0437,3614227700437,352,12
Rimmel London Wonder Swipe 2-In-1 Eyeliner To Shadow 002 Instafamous,1.2,RIM-EY-WND'S-002-IF-0444,3614227700444,659,12
Rimmel London Wonder Swipe 2-In-1 Eyeliner To Shadow 003 Ballin,1.2,RIM-EY-WND'S-003-BAL-0451,3614227700451,487,12
Rimmel London Wonder Swipe 2-In-1 Eyeliner To Shadow 007 Crave Me,1.2,RIM-EY-SWIPE-007-CM-0499,3614227700499,1020,12
Rimmel Match Perfection Skin Tone Adapting Concealer 060 Mocha,1.25,RIM-BLU-CON-060-0400,3614226150400,493,12
Sally Hansen Insta-Dri Nail Colour Nail Polish 533 Seize The Gray,0.75,SAL-NP-IND-533-STG-4253,74170454253,962,12
Sally Hansen Insta-Dri Pride Nail Colour Nail Polish 443 Va Va Violet,1,SAL-NP-IND-443-VV-4161,74170454161,480,6
Sanctuary SPA 10-IN-1 Super Secret Facial Oil,5,SANT-SPA-FACE-OIL-5767,5060420335767,396,6
Sanctuary Spa Moisture Burst Face Wash 100ml,2.25,SANC-BRUST-FACE-WASH-9773,5060056489773,126,6
Sanctuary Spa Signature Collection Hand Cream,2,SANC-HAND-CRM-0931,5031550000931,94,6
Sanctuary Spa Signature Collection Hand Cream Antibacterial,2,SANC-HAND-CRM-ANTI-0948,5031550000948,192,6
Sanctuary Spa Wellness Pillow Pack Gift Set,3.6,SANC-PILLOW-GIFT-1327,5031550001327,84,6
Maybelline Color Sensational Matte Lipstick 983 Beige Babe,1.25,MB-LP-983-BB-3826,3600531363826,384,12
Maybelline Superstay Multi-Usage Creamy Matte Foundation Stick 030 Sand * Broken Seal *,1.5,MB-FON-STIK-30-SAND-B/S,30170759,52,12
